ymd,bWendu,yWendu,tianqi,fengxiang,fengli
2018-01-01,3℃,-6℃,晴~多云,东北风,1-2级
2018-01-02,2℃,-5℃,阴~多云,东北风,1-2级
2018-01-03,2℃,-5℃,多云,北风,1-2级
2018-01-04,0℃,-8℃,阴,东北风,1-2级
2018-01-05,3℃,-6℃,多云~晴,西北风,1-2级
2018-01-06,2℃,-5℃,多云~阴,西南风,1-2级
2018-01-07,2℃,-4℃,阴~多云,西南风,1-2级
2018-01-08,2℃,-6℃,晴,西北风,4-5级
2018-01-09,1℃,-8℃,晴,西北风,3-4级
2018-01-10,-2℃,-10℃,晴,西北风,1-2级
2018-01-11,-1℃,-10℃,晴,北风,1-2级
2018-01-12,2℃,-8℃,晴,西南风,1-2级
2018-01-13,3℃,-7℃,多云,南风,1-2级
2018-01-14,6℃,-5℃,晴~多云,西北风,1-2级
2018-01-15,2℃,-5℃,阴,东南风,1-2级
2018-01-16,4℃,-5℃,多云,南风,1-2级
2018-01-17,6℃,-7℃,多云~晴,西北风,1-2级
2018-01-18,5℃,-6℃,晴,西南风,1-2级
2018-01-19,7℃,-4℃,晴,南风,1-2级
2018-01-20,3℃,-6℃,晴~多云,东风,1-2级
2018-01-21,0℃,-5℃,阴~小雪,东北风,1-2级
2018-01-22,-3℃,-10℃,小雪~多云,东风,1-2级
2018-01-23,-4℃,-12℃,晴,西北风,3-4级
2018-01-24,-4℃,-11℃,晴,西南风,1-2级
2018-01-25,-3℃,-11℃,多云,东北风,1-2级
2018-01-26,-3℃,-10℃,晴~多云,南风,1-2级
2018-01-27,-1℃,-9℃,多云,南风,1-2级
2018-01-28,-1℃,-9℃,晴,西北风,3-4级
2018-01-29,1℃,-8℃,晴,西北风,1-2级
2018-01-30,4℃,-7℃,晴,西北风,1-2级
2018-01-31,3℃,-8℃,晴,西南风,1-2级
2018-02-01,4℃,-7℃,多云,北风,1-2级
2018-02-02,-1℃,-9℃,晴,北风,3-4级
2018-02-03,0℃,-9℃,多云,北风,1-2级
2018-02-04,1℃,-8℃,晴,西南风,1-2级
2018-02-05,0℃,-10℃,晴,北风,3-4级
2018-02-06,3℃,-7℃,多云~阴,西南风,1-2级
2018-02-07,2℃,-10℃,多云~晴,北风,4-5级
2018-02-08,3℃,-7℃,多云,南风,3-4级
2018-02-09,4℃,-9℃,多云,西北风,4-5级
2018-02-10,1℃,-9℃,晴,西北风,3-4级
2018-02-11,0℃,-9℃,晴,西北风,4-5级
2018-02-12,5℃,-7℃,晴,西北风,1-2级
2018-02-13,8℃,-4℃,晴~多云,西风,1-2级
2018-02-14,6℃,-6℃,多云,北风,1-2级
2018-02-15,5℃,-5℃,多云,西南风,1-2级
2018-02-16,8℃,-5℃,晴~多云,西南风,1-2级
2018-02-17,5℃,-4℃,多云~阴,南风,1-2级
2018-02-18,8℃,-3℃,多云,南风,1-2级
2018-02-19,6℃,-3℃,多云,南风,1-2级
2018-02-20,5℃,-5℃,晴,北风,1-2级
2018-02-21,8℃,-4℃,晴,南风,1-2级
2018-02-22,9℃,-4℃,多云,西南风,1-2级
2018-02-23,10℃,-4℃,多云,东北风,1-2级
2018-02-24,3℃,-6℃,多云~晴,南风,1-2级
2018-02-25,6℃,-4℃,多云,西南风,1-2级
2018-02-26,12℃,-1℃,晴~多云,西南风,1-2级
2018-02-27,7℃,0℃,阴,东风,1-2级
2018-02-28,9℃,-2℃,多云~晴,西南风,3-4级
2018-03-01,8℃,-3℃,多云,西南风,1-2级
2018-03-02,9℃,-1℃,晴~多云,北风,1-2级
2018-03-03,13℃,3℃,多云~阴,北风,1-2级
2018-03-04,7℃,-2℃,阴~多云,东南风,1-2级
2018-03-05,8℃,-3℃,晴,南风,1-2级
2018-03-06,6℃,-3℃,多云~阴,东南风,3-4级
2018-03-07,6℃,-2℃,阴~多云,北风,1-2级
2018-03-08,8℃,-4℃,晴,东北风,1-2级
2018-03-09,10℃,-2℃,多云,西南风,1-2级
2018-03-10,14℃,-2℃,晴,东南风,1-2级
2018-03-11,11℃,0℃,多云,南风,1-2级
2018-03-12,15℃,3℃,多云~晴,南风,1-2级
2018-03-13,17℃,5℃,晴~多云,南风,1-2级
2018-03-14,15℃,6℃,多云~阴,东北风,1-2级
2018-03-15,12℃,-1℃,多云~晴,东北风,3-4级
2018-03-16,10℃,-1℃,多云,南风,1-2级
2018-03-17,4℃,0℃,小雨~阴,南风,1-2级
2018-03-18,13℃,1℃,多云~晴,西南风,1-2级
2018-03-19,13℃,2℃,多云,东风,1-2级
2018-03-20,10℃,-2℃,多云,南风,1-2级
2018-03-21,11℃,1℃,多云,西南风,1-2级
2018-03-22,17℃,4℃,晴~多云,西南风,1-2级
2018-03-23,18℃,5℃,多云,北风,1-2级
2018-03-24,22℃,5℃,晴,西南风,1-2级
2018-03-25,24℃,7℃,晴,南风,1-2级
2018-03-26,25℃,7℃,多云,西南风,1-2级
2018-03-27,27℃,11℃,晴,南风,1-2级
2018-03-28,25℃,9℃,多云~晴,东风,1-2级
2018-03-29,19℃,7℃,晴,南风,1-2级
2018-03-30,18℃,8℃,多云,南风,1-2级
2018-03-31,23℃,9℃,多云~晴,南风,1-2级
2018-04-01,25℃,11℃,晴~多云,南风,1-2级
2018-04-02,26℃,11℃,多云,北风,1-2级
2018-04-03,14℃,6℃,多云~阴,东北风,3-4级
2018-04-04,10℃,1℃,小雨~雨夹雪,东北风,1-2级
2018-04-05,10℃,3℃,多云,西南风,1-2级
2018-04-06,11℃,4℃,多云~晴,北风,4-5级
2018-04-07,12℃,2℃,多云~晴,西北风,3-4级
2018-04-08,18℃,5℃,晴,西南风,1-2级
2018-04-09,20℃,7℃,晴~多云,南风,1-2级
2018-04-10,24℃,8℃,多云~晴,西北风,4-5级
2018-04-11,23℃,9℃,晴,西南风,3-4级
2018-04-12,22℃,7℃,多云~小雨,东南风,1-2级
2018-04-13,11℃,6℃,小雨~多云,东南风,1-2级
2018-04-14,19℃,5℃,多云~晴,北风,4-5级
2018-04-15,21℃,8℃,晴,西南风,1-2级
2018-04-16,23℃,12℃,晴~多云,南风,1-2级
2018-04-17,25℃,12℃,多云~晴,南风,1-2级
2018-04-18,27℃,14℃,多云~晴,西南风,3-4级
2018-04-19,26℃,13℃,多云,东南风,4-5级
2018-04-20,28℃,14℃,多云~小雨,南风,4-5级
2018-04-21,16℃,12℃,大雨~小雨,东北风,3-4级
2018-04-22,16℃,12℃,阴~多云,东北风,3-4级
2018-04-23,19℃,9℃,多云,东北风,3-4级
2018-04-24,23℃,10℃,晴,北风,3-4级
2018-04-25,25℃,11℃,晴,西南风,3-4级
2018-04-26,26℃,12℃,多云~晴,西北风,1-2级
2018-04-27,25℃,13℃,晴,西南风,3-4级
2018-04-28,27℃,17℃,晴,西南风,3-4级
2018-04-29,30℃,16℃,多云,南风,3-4级
2018-04-30,24℃,14℃,多云,南风,3-4级
2018-05-01,25℃,13℃,阴,东北风,3-4级
2018-05-02,25℃,13℃,多云~晴,北风,3-4级
2018-05-03,24℃,12℃,晴,北风,1-2级
2018-05-04,27℃,16℃,晴~多云,西南风,1-2级
2018-05-05,25℃,13℃,多云,北风,3-4级
2018-05-06,28℃,14℃,晴,西南风,1-2级
2018-05-07,28℃,13℃,晴,南风,3-4级
2018-05-08,27℃,13℃,晴,东南风,3-4级
2018-05-09,29℃,17℃,晴~多云,西南风,3-4级
2018-05-10,26℃,18℃,多云,南风,3-4级
2018-05-11,24℃,15℃,阴~多云,东风,1-2级
2018-05-12,28℃,16℃,小雨,东南风,3-4级
2018-05-13,30℃,17℃,晴,南风,1-2级
2018-05-14,34℃,22℃,晴~多云,南风,3-4级
2018-05-15,31℃,22℃,小雨,南风,1-2级
2018-05-16,29℃,21℃,多云~小雨,东风,1-2级
2018-05-17,25℃,19℃,小雨~多云,北风,1-2级
2018-05-18,28℃,16℃,多云~晴,南风,1-2级
2018-05-19,27℃,16℃,多云~小雨,南风,1-2级
2018-05-20,21℃,16℃,阴~小雨,东风,1-2级
2018-05-21,18℃,14℃,小雨,东南风,1-2级
2018-05-22,25℃,10℃,多云~晴,西风,4-5级
2018-05-23,29℃,15℃,晴,西南风,3-4级
2018-05-24,31℃,17℃,晴,南风,3-4级
2018-05-25,31℃,19℃,多云,西南风,1-2级
2018-05-26,30℃,17℃,小雨~多云,西南风,3-4级
2018-05-27,32℃,17℃,多云,西南风,3-4级
2018-05-28,30℃,16℃,晴,西北风,4-5级
2018-05-29,31℃,16℃,多云,西北风,1-2级
2018-05-30,33℃,18℃,晴,西风,1-2级
2018-05-31,35℃,19℃,晴,南风,1-2级
2018-06-01,36℃,21℃,晴,西南风,3-4级
2018-06-02,35℃,21℃,多云,南风,3-4级
2018-06-03,32℃,19℃,多云,北风,1-2级
2018-06-04,35℃,20℃,晴,西南风,3-4级
2018-06-05,38℃,25℃,多云,西南风,4-5级
2018-06-06,36℃,25℃,多云,东风,1-2级
2018-06-07,33℃,22℃,多云,西南风,1-2级
2018-06-08,32℃,19℃,多云~雷阵雨,西南风,1-2级
2018-06-09,23℃,17℃,小雨,北风,1-2级
2018-06-10,27℃,17℃,多云,东南风,1-2级
2018-06-11,29℃,19℃,多云,西南风,3-4级
2018-06-12,32℃,19℃,多云~雷阵雨,东南风,1-2级
2018-06-13,28℃,19℃,雷阵雨~多云,东北风,1-2级
2018-06-14,31℃,20℃,多云,南风,1-2级
2018-06-15,32℃,20℃,多云,东南风,3-4级
2018-06-16,31℃,21℃,多云~雷阵雨,南风,1-2级
2018-06-17,31℃,22℃,阴~雷阵雨,南风,1-2级
2018-06-18,30℃,21℃,雷阵雨,西南风,1-2级
2018-06-19,32℃,20℃,多云~晴,东北风,1-2级
2018-06-20,35℃,21℃,晴,南风,1-2级
2018-06-21,35℃,24℃,多云,南风,1-2级
2018-06-22,30℃,21℃,雷阵雨~多云,东南风,1-2级
2018-06-23,35℃,24℃,多云~晴,南风,1-2级
2018-06-24,36℃,25℃,多云,南风,3-4级
2018-06-25,34℃,24℃,雷阵雨,南风,1-2级
2018-06-26,36℃,25℃,晴,西南风,3-4级
2018-06-27,37℃,25℃,多云,东北风,3-4级
2018-06-28,35℃,24℃,多云~晴,北风,1-2级
2018-06-29,37℃,25℃,晴,南风,1-2级
2018-06-30,37℃,23℃,雷阵雨~多云,东南风,3-4级
2018-07-01,35℃,23℃,晴,东南风,1-2级
2018-07-02,32℃,23℃,多云~雷阵雨,东南风,3-4级
2018-07-03,32℃,24℃,雷阵雨~多云,东南风,1-2级
2018-07-04,35℃,26℃,多云,西南风,1-2级
2018-07-05,37℃,24℃,多云~雷阵雨,东南风,1-2级
2018-07-06,33℃,23℃,多云~雷阵雨,东南风,3-4级
2018-07-07,31℃,23℃,雷阵雨,东南风,1-2级
2018-07-08,30℃,23℃,雷阵雨,南风,1-2级
2018-07-09,30℃,22℃,雷阵雨~多云,东南风,1-2级
2018-07-10,30℃,22℃,多云~雷阵雨,南风,1-2级
2018-07-11,25℃,22℃,雷阵雨~大雨,东北风,1-2级
2018-07-12,27℃,22℃,多云,南风,1-2级
2018-07-13,28℃,23℃,雷阵雨,东风,1-2级
2018-07-14,31℃,24℃,雷阵雨~多云,东南风,1-2级
2018-07-15,32℃,25℃,雷阵雨,南风,1-2级
2018-07-16,31℃,24℃,中雨~雷阵雨,南风,1-2级
2018-07-17,27℃,23℃,中雨~雷阵雨,西风,1-2级
2018-07-18,33℃,25℃,多云,南风,1-2级
2018-07-19,33℃,27℃,多云~雷阵雨,南风,1-2级
2018-07-20,33℃,27℃,多云,西南风,3-4级
2018-07-21,34℃,26℃,多云~雷阵雨,南风,3-4级
2018-07-22,34℃,25℃,多云,东南风,1-2级
2018-07-23,32℃,25℃,小雨~大雨,东风,1-2级
2018-07-24,28℃,26℃,暴雨~雷阵雨,东北风,3-4级
2018-07-25,32℃,25℃,多云,北风,1-2级
2018-07-26,33℃,25℃,多云~雷阵雨,东北风,1-2级
2018-07-27,32℃,23℃,多云,东北风,1-2级
2018-07-28,33℃,24℃,多云~晴,东南风,1-2级
2018-07-29,33℃,25℃,多云,东南风,1-2级
2018-07-30,34℃,25℃,晴,东南风,1-2级
2018-07-31,35℃,26℃,晴,南风,1-2级
2018-08-01,35℃,27℃,多云~雷阵雨,东南风,1-2级
2018-08-02,36℃,26℃,多云~晴,南风,1-2级
2018-08-03,36℃,26℃,晴,南风,1-2级
2018-08-04,36℃,27℃,晴~多云,南风,1-2级
2018-08-05,35℃,25℃,雷阵雨~中雨,东风,1-2级
2018-08-06,30℃,25℃,小雨~雷阵雨,东风,1-2级
2018-08-07,29℃,24℃,雷阵雨~中雨,东南风,1-2级
2018-08-08,29℃,24℃,雷阵雨~阴,东北风,1-2级
2018-08-09,30℃,24℃,多云,南风,1-2级
2018-08-10,33℃,25℃,多云~雷阵雨,南风,1-2级
2018-08-11,30℃,23℃,雷阵雨~中雨,东风,1-2级
2018-08-12,30℃,24℃,雷阵雨,东南风,1-2级
2018-08-13,31℃,24℃,雷阵雨~中雨,东北风,1-2级
2018-08-14,29℃,24℃,中雨~小雨,东北风,1-2级
2018-08-15,32℃,24℃,多云,东北风,3-4级
2018-08-16,30℃,21℃,晴~多云,东北风,1-2级
2018-08-17,30℃,22℃,多云~雷阵雨,东南风,1-2级
2018-08-18,28℃,23℃,小雨~中雨,北风,3-4级
2018-08-19,26℃,23℃,中雨~小雨,东北风,1-2级
2018-08-20,32℃,23℃,多云~晴,北风,1-2级
2018-08-21,32℃,22℃,多云,北风,1-2级
2018-08-22,28℃,21℃,雷阵雨~多云,西南风,1-2级
2018-08-23,31℃,21℃,多云,北风,1-2级
2018-08-24,30℃,20℃,晴,北风,1-2级
2018-08-25,31℃,22℃,多云~小雨,南风,1-2级
2018-08-26,31℃,22℃,雷阵雨,东南风,1-2级
2018-08-27,30℃,22℃,多云~雷阵雨,东南风,1-2级
2018-08-28,29℃,22℃,小雨~多云,南风,1-2级
2018-08-29,31℃,20℃,晴~多云,北风,3-4级
2018-08-30,29℃,20℃,多云,南风,1-2级
2018-08-31,29℃,20℃,多云~阴,东南风,1-2级
2018-09-01,27℃,19℃,阴~小雨,南风,1-2级
2018-09-02,27℃,19℃,小雨~多云,南风,1-2级
2018-09-03,30℃,19℃,晴,北风,3-4级
2018-09-04,31℃,18℃,晴,西南风,3-4级
2018-09-05,31℃,19℃,晴~多云,西南风,3-4级
2018-09-06,27℃,18℃,多云~晴,西北风,4-5级
2018-09-07,27℃,16℃,晴,西北风,3-4级
2018-09-08,27℃,15℃,多云~晴,北风,1-2级
2018-09-09,28℃,16℃,晴,西南风,1-2级
2018-09-10,28℃,19℃,多云,南风,1-2级
2018-09-11,26℃,19℃,多云,南风,1-2级
2018-09-12,29℃,19℃,多云,南风,1-2级
2018-09-13,29℃,20℃,多云~阴,南风,1-2级
2018-09-14,28℃,19℃,小雨~多云,南风,1-2级
2018-09-15,26℃,15℃,多云,北风,3-4级
2018-09-16,25℃,14℃,多云~晴,北风,1-2级
2018-09-17,27℃,17℃,多云~阴,北风,1-2级
2018-09-18,25℃,17℃,阴~多云,西南风,1-2级
2018-09-19,26℃,17℃,多云,南风,1-2级
2018-09-20,27℃,16℃,多云,西南风,1-2级
2018-09-21,25℃,14℃,晴,西北风,3-4级
2018-09-22,24℃,13℃,晴,西北风,3-4级
2018-09-23,23℃,12℃,晴,西北风,4-5级
2018-09-24,23℃,11℃,晴,北风,1-2级
2018-09-25,24℃,12℃,晴~多云,南风,1-2级
2018-09-26,24℃,14℃,多云,南风,1-2级
2018-09-27,22℃,12℃,小雨,南风,1-2级
2018-09-28,24℃,11℃,多云,西南风,3-4级
2018-09-29,22℃,11℃,晴,北风,3-4级
2018-09-30,19℃,13℃,多云,西北风,4-5级
2018-10-01,24℃,12℃,晴,北风,4-5级
2018-10-02,24℃,11℃,晴,西北风,1-2级
2018-10-03,25℃,10℃,晴,北风,1-2级
2018-10-04,25℃,12℃,晴,南风,1-2级
2018-10-05,24℃,14℃,多云,南风,1-2级
2018-10-06,20℃,8℃,晴,北风,4-5级
2018-10-07,21℃,7℃,晴,西风,1-2级
2018-10-08,21℃,8℃,多云,北风,1-2级
2018-10-09,15℃,4℃,多云~晴,西北风,4-5级
2018-10-10,17℃,4℃,多云~晴,西北风,1-2级
2018-10-11,18℃,5℃,晴~多云,北风,1-2级
2018-10-12,20℃,8℃,多云~晴,南风,1-2级
2018-10-13,20℃,8℃,多云,西北风,1-2级
2018-10-14,21℃,10℃,多云,南风,1-2级
2018-10-15,17℃,11℃,小雨,北风,1-2级
2018-10-16,17℃,7℃,多云~晴,东北风,1-2级
2018-10-17,17℃,5℃,晴,北风,1-2级
2018-10-18,18℃,5℃,晴,南风,1-2级
2018-10-19,19℃,7℃,多云,南风,1-2级
2018-10-20,18℃,7℃,多云,南风,1-2级
2018-10-21,18℃,7℃,多云,南风,1-2级
2018-10-22,19℃,5℃,多云~晴,西北风,1-2级
2018-10-23,19℃,4℃,晴,西南风,3-4级
2018-10-24,20℃,6℃,晴~多云,南风,1-2级
2018-10-25,15℃,8℃,多云,西风,1-2级
2018-10-26,14℃,3℃,晴,西北风,4-5级
2018-10-27,17℃,5℃,多云,西南风,1-2级
2018-10-28,17℃,4℃,多云~晴,西北风,4-5级
2018-10-29,15℃,3℃,晴,北风,3-4级
2018-10-30,16℃,1℃,晴,北风,1-2级
2018-10-31,17℃,3℃,晴,西南风,1-2级
2018-11-01,17℃,3℃,晴,南风,1-2级
2018-11-02,18℃,4℃,晴,南风,1-2级
2018-11-03,16℃,6℃,多云,南风,1-2级
2018-11-04,10℃,2℃,小雨~多云,北风,3-4级
2018-11-05,10℃,2℃,多云,西南风,1-2级
2018-11-06,12℃,0℃,多云,北风,1-2级
2018-11-07,13℃,3℃,多云,西南风,1-2级
2018-11-08,14℃,2℃,多云,西南风,1-2级
2018-11-09,15℃,1℃,晴~多云,北风,3-4级
2018-11-10,11℃,0℃,多云,北风,1-2级
2018-11-11,13℃,1℃,多云~晴,西南风,1-2级
2018-11-12,14℃,2℃,晴,南风,1-2级
2018-11-13,13℃,5℃,多云,东南风,1-2级
2018-11-14,13℃,5℃,多云,南风,1-2级
2018-11-15,8℃,1℃,小雨~多云,北风,3-4级
2018-11-16,8℃,-1℃,晴~多云,北风,1-2级
2018-11-17,9℃,-2℃,多云~晴,西南风,1-2级
2018-11-18,11℃,-3℃,晴,西北风,3-4级
2018-11-19,10℃,-2℃,晴~多云,南风,1-2级
2018-11-20,9℃,-1℃,多云,北风,1-2级
2018-11-21,9℃,-3℃,晴,西北风,2级
2018-11-22,8℃,-3℃,晴~多云,东南风,1级
2018-11-23,7℃,0℃,多云,东北风,2级
2018-11-24,9℃,-3℃,晴,西南风,1级
2018-11-25,10℃,-3℃,晴,东南风,1级
2018-11-26,10℃,0℃,多云,东南风,1级
2018-11-27,9℃,-3℃,晴~多云,西北风,2级
2018-11-28,8℃,-3℃,晴,东北风,1级
2018-11-29,7℃,-4℃,晴,东南风,1级
2018-11-30,8℃,-3℃,晴,东南风,1级
2018-12-01,7℃,0℃,多云,东南风,1级
2018-12-02,9℃,2℃,雾~多云,东北风,1级
2018-12-03,8℃,-3℃,多云~晴,东北风,3级
2018-12-04,4℃,-6℃,晴~多云,西北风,2级
2018-12-05,1℃,-4℃,阴~多云,东南风,1级
2018-12-06,-2℃,-9℃,晴,西北风,3级
2018-12-07,-4℃,-10℃,晴,西北风,3级
2018-12-08,-2℃,-10℃,晴~多云,西北风,2级
2018-12-09,-1℃,-10℃,多云~晴,东南风,1级
2018-12-10,1℃,-6℃,多云,东北风,1级
2018-12-11,-1℃,-10℃,晴,西北风,3级
2018-12-12,1℃,-8℃,晴,西南风,1级
2018-12-13,3℃,-7℃,晴,西北风,2级
2018-12-14,4℃,-6℃,晴,东南风,1级
2018-12-15,2℃,-6℃,霾,东南风,1级
2018-12-16,7℃,-4℃,晴,西北风,2级
2018-12-17,7℃,-5℃,晴,西北风,2级
2018-12-18,9℃,-4℃,晴,西北风,2级
2018-12-19,9℃,-5℃,晴~多云,西北风,1级
2018-12-20,6℃,-4℃,霾,东南风,1级
2018-12-21,10℃,-2℃,晴~多云,西北风,1级
2018-12-22,8℃,-6℃,多云,西北风,2级
2018-12-23,1℃,-9℃,晴,西北风,3级
2018-12-24,2℃,-8℃,晴,西南风,1级
2018-12-25,2℃,-9℃,晴,东北风,2级
2018-12-26,-2℃,-11℃,晴~多云,东北风,2级
2018-12-27,-5℃,-12℃,多云~晴,西北风,3级
2018-12-28,-3℃,-11℃,晴,西北风,3级
2018-12-29,-3℃,-12℃,晴,西北风,2级
2018-12-30,-2℃,-11℃,晴~多云,东北风,1级
2018-12-31,-2℃,-10℃,多云,东北风,1级
2019-01-01,1℃,-10℃,晴~多云,西北风,1级
2019-01-02,1℃,-9℃,多云,东北风,1级
2019-01-03,2℃,-7℃,霾,东北风,1级
2019-01-04,2℃,-7℃,晴,西北风,2级
2019-01-05,0℃,-8℃,多云,东北风,2级
2019-01-06,3℃,-7℃,多云,东南风,1级
2019-01-07,2℃,-7℃,多云,西北风,2级
2019-01-08,1℃,-10℃,晴,西北风,2级
2019-01-09,3℃,-9℃,晴,西南风,1级
2019-01-10,4℃,-7℃,晴~多云,西南风,1级
2019-01-11,5℃,-7℃,霾,东北风,1级
2019-01-12,6℃,-5℃,霾,西南风,1级
2019-01-13,6℃,-7℃,晴,东北风,1级
2019-01-14,6℃,-8℃,霾~晴,西北风,2级
2019-01-15,-2℃,-10℃,晴,西北风,3级
2019-01-16,2℃,-8℃,晴,西南风,1级
2019-01-17,5℃,-9℃,晴,西北风,1级
2019-01-18,6℃,-6℃,霾~多云,东北风,1级
2019-01-19,3℃,-6℃,多云,东北风,2级
2019-01-20,5℃,-7℃,晴,西北风,2级
2019-01-21,8℃,-4℃,晴,西北风,2级
2019-01-22,10℃,-3℃,晴,西北风,2级
2019-01-23,8℃,-6℃,晴,东北风,2级
2019-01-24,5℃,-5℃,多云,东北风,1级
2019-01-25,5℃,-6℃,晴,东北风,2级
2019-01-26,5℃,-5℃,晴~多云,东南风,1级
2019-01-27,7℃,-4℃,多云~晴,西北风,2级
2019-01-28,6℃,-4℃,晴~多云,西北风,1级
2019-01-29,7℃,-4℃,多云,东南风,1级
2019-01-30,5℃,-7℃,多云,东北风,3级
2019-01-31,2℃,-8℃,多云,西北风,2级
2019-02-01,6℃,-5℃,晴~多云,西南风,1级
2019-02-02,3℃,-4℃,多云,东北风,1级
2019-02-03,8℃,-7℃,多云~晴,西北风,2级
2019-02-04,4℃,-6℃,多云~晴,东北风,1级
2019-02-05,5℃,-5℃,晴~霾,东南风,2级
2019-02-06,2℃,-7℃,霾,东南风,2级
2019-02-07,-2℃,-7℃,多云,东北风,3级
2019-02-08,-1℃,-7℃,多云,西南风,2级
2019-02-09,0℃,-8℃,多云,东北风,2级
2019-02-10,0℃,-8℃,多云,东南风,1级
2019-02-11,3℃,-6℃,多云,东北风,2级
2019-02-12,-3℃,-8℃,小雪~多云,东北风,2级
2019-02-13,1℃,-6℃,多云,东北风,2级
2019-02-14,-3℃,-6℃,小雪~多云,东南风,2级
2019-02-15,2℃,-7℃,晴,西北风,3级
2019-02-16,3℃,-6℃,晴,西北风,2级
2019-02-17,6℃,-5℃,晴~多云,西北风,2级
2019-02-18,4℃,-3℃,阴,东南风,1级
2019-02-19,7℃,-4℃,多云~晴,西北风,2级
2019-02-20,9℃,-4℃,晴,西北风,1级
2019-02-21,11℃,-2℃,晴~多云,东南风,1级
2019-02-22,11℃,-2℃,霾,东北风,1级
2019-02-23,12℃,-2℃,霾,西南风,1级
2019-02-24,13℃,-1℃,晴~多云,东北风,2级
2019-02-25,10℃,-2℃,多云,东南风,1级
2019-02-26,10℃,-2℃,多云,东南风,2级
2019-02-27,12℃,-2℃,晴,东南风,1级
2019-02-28,14℃,-1℃,晴,西北风,1级
2019-03-01,15℃,1℃,晴~多云,东北风,1级
2019-03-02,15℃,3℃,霾,西南风,2级
2019-03-03,15℃,2℃,霾,西南风,1级
2019-03-04,16℃,2℃,多云,东北风,1级
2019-03-05,17℃,4℃,多云~晴,西北风,3级
2019-03-06,11℃,-2℃,晴,西北风,3级
2019-03-07,13℃,-1℃,晴,西南风,2级
2019-03-08,13℃,3℃,多云,西南风,2级
2019-03-09,12℃,2℃,阴~多云,东北风,2级
2019-03-10,13℃,2℃,小雨~多云,东北风,2级
2019-03-11,16℃,1℃,晴,西北风,3级
2019-03-12,12℃,1℃,晴,西北风,3级
2019-03-13,16℃,2℃,多云,西北风,2级
2019-03-14,15℃,4℃,多云,西北风,3级
2019-03-15,13℃,0℃,多云,西北风,3级
2019-03-16,19℃,2℃,晴,西北风,2级
2019-03-17,20℃,4℃,晴,西南风,2级
2019-03-18,21℃,6℃,多云~晴,东南风,1级
2019-03-19,25℃,11℃,多云,西南风,2级
2019-03-20,17℃,6℃,小雨,西南风,2级
2019-03-21,13℃,0℃,晴,西北风,4级
2019-03-22,15℃,3℃,晴,西北风,3级
2019-03-23,12℃,2℃,晴,西北风,3级
2019-03-24,19℃,4℃,晴,西南风,2级
2019-03-25,22℃,5℃,晴,西北风,2级
2019-03-26,19℃,4℃,晴,东北风,2级
2019-03-27,21℃,4℃,多云,东北风,2级
2019-03-28,11℃,2℃,多云,东南风,3级
2019-03-29,13℃,4℃,多云~晴,西北风,3级
2019-03-30,13℃,1℃,晴,西北风,4级
2019-03-31,16℃,2℃,多云~晴,西北风,2级
2019-04-01,16℃,4℃,晴,东南风,2级
2019-04-02,19℃,3℃,晴,东南风,2级
2019-04-03,21℃,6℃,晴,西南风,2级
2019-04-04,28℃,9℃,多云,西北风,3级
2019-04-05,21℃,8℃,晴~多云,东南风,3级
2019-04-06,20℃,6℃,多云,东北风,2级
2019-04-07,19℃,7℃,多云,东南风,2级
2019-04-08,17℃,4℃,多云~小雨,东南风,2级
2019-04-09,9℃,2℃,小雨~多云,东北风,2级
2019-04-10,18℃,9℃,多云,西北风,2级
2019-04-11,19℃,6℃,多云,西南风,2级
2019-04-12,22℃,9℃,多云,西南风,3级
2019-04-13,23℃,7℃,多云,东北风,2级
2019-04-14,23℃,8℃,晴,西南风,3级
2019-04-15,26℃,11℃,多云,西南风,2级
2019-04-16,26℃,12℃,晴,东南风,2级
2019-04-17,28℃,16℃,霾~多云,西南风,3级
2019-04-18,24℃,10℃,多云,东北风,3级
2019-04-19,17℃,10℃,多云~小雨,东南风,2级
2019-04-20,15℃,8℃,小雨~多云,东南风,1级
2019-04-21,22℃,8℃,晴,东南风,2级
2019-04-22,26℃,15℃,晴~多云,西南风,2级
2019-04-23,28℃,15℃,多云,东南风,2级
2019-04-24,19℃,9℃,小雨,东北风,3级
2019-04-25,18℃,8℃,多云,东北风,2级
2019-04-26,21℃,10℃,晴~多云,西南风,2级
2019-04-27,16℃,6℃,小雨~多云,西南风,3级
2019-04-28,19℃,9℃,多云,西南风,2级
2019-04-29,23℃,13℃,多云,西南风,2级
2019-04-30,24℃,13℃,多云,西北风,3级
2019-05-01,27℃,10℃,晴,西北风,2级
2019-05-02,29℃,14℃,晴~多云,西南风,2级
2019-05-03,28℃,16℃,多云,西南风,2级
2019-05-04,26℃,15℃,阴~小雨,西南风,2级
2019-05-05,23℃,10℃,多云~晴,东北风,4级
2019-05-06,25℃,10℃,晴,西北风,2级
2019-05-07,28℃,14℃,晴~多云,西南风,2级
2019-05-08,25℃,13℃,多云~晴,西南风,2级
2019-05-09,30℃,14℃,晴,西北风,2级
2019-05-10,30℃,14℃,多云,东南风,2级
2019-05-11,29℃,14℃,多云,东南风,2级
2019-05-12,26℃,12℃,雷阵雨~晴,西北风,2级
2019-05-13,26℃,12℃,晴,西南风,3级
2019-05-14,30℃,16℃,多云,东南风,2级
2019-05-15,28℃,16℃,雷阵雨~多云,西南风,2级
2019-05-16,32℃,17℃,晴,东南风,2级
2019-05-17,33℃,20℃,多云~阴,东南风,2级
2019-05-18,29℃,18℃,阴~小雨,东南风,2级
2019-05-19,28℃,13℃,多云~晴,西北风,4级
2019-05-20,26℃,13℃,晴,西北风,4级
2019-05-21,31℃,14℃,晴,西北风,2级
2019-05-22,35℃,18℃,晴,西北风,2级
2019-05-23,37℃,21℃,晴,东南风,2级
2019-05-24,35℃,21℃,多云,西南风,3级
2019-05-25,35℃,20℃,多云~雷阵雨,东南风,2级
2019-05-26,24℃,17℃,中雨~多云,东北风,3级
2019-05-27,29℃,15℃,晴,西北风,3级
2019-05-28,32℃,17℃,晴,西北风,2级
2019-05-29,33℃,22℃,晴~多云,东南风,2级
2019-05-30,30℃,15℃,多云~晴,西北风,3级
2019-05-31,30℃,19℃,晴~多云,西北风,2级
2019-06-01,30℃,18℃,雷阵雨~多云,东南风,2级
2019-06-02,32℃,19℃,多云,东南风,2级
2019-06-03,34℃,20℃,多云,北风,2级
2019-06-04,28℃,19℃,雷阵雨~小雨,东南风,2级
2019-06-05,31℃,19℃,多云~小雨,东南风,2级
2019-06-06,26℃,18℃,小雨~多云,东南风,2级
2019-06-07,31℃,21℃,多云~雷阵雨,西南风,2级
2019-06-08,34℃,20℃,多云~晴,西北风,2级
2019-06-09,31℃,18℃,多云~晴,东北风,3级
2019-06-10,33℃,18℃,晴,东北风,2级
2019-06-11,32℃,20℃,晴~多云,东南风,2级
2019-06-12,33℃,22℃,多云~雷阵雨,东南风,2级
2019-06-13,29℃,20℃,雷阵雨~晴,东北风,2级
2019-06-14,35℃,20℃,晴,东北风,2级
2019-06-15,32℃,19℃,多云~雷阵雨,东南风,2级
2019-06-16,25℃,18℃,雷阵雨~多云,东南风,2级
2019-06-17,29℃,20℃,多云,西南风,2级
2019-06-18,33℃,22℃,雷阵雨,西南风,2级
2019-06-19,33℃,22℃,多云,东南风,2级
2019-06-20,36℃,23℃,多云~晴,东南风,2级
2019-06-21,32℃,21℃,多云,东南风,2级
2019-06-22,34℃,22℃,晴,西南风,2级
2019-06-23,35℃,23℃,晴~多云,东南风,2级
2019-06-24,36℃,24℃,多云,东南风,2级
2019-06-25,36℃,24℃,多云,东南风,2级
2019-06-26,35℃,22℃,多云,东南风,2级
2019-06-27,33℃,23℃,多云~雷阵雨,西北风,2级
2019-06-28,32℃,22℃,多云,西南风,3级
2019-06-29,35℃,23℃,多云,西北风,3级
2019-06-30,32℃,21℃,晴,西北风,3级
2019-07-01,35℃,23℃,晴~多云,东北风,1级
2019-07-02,35℃,23℃,多云~晴,东南风,2级
2019-07-03,36℃,24℃,晴,东南风,1级
2019-07-04,38℃,25℃,晴~多云,西南风,2级
2019-07-05,33℃,22℃,雷阵雨,东北风,2级
2019-07-06,26℃,21℃,雷阵雨~中雨,东北风,3级
2019-07-07,28℃,20℃,小雨~多云,东北风,3级
2019-07-08,30℃,22℃,多云,东南风,2级
2019-07-09,29℃,21℃,雷阵雨~中雨,东南风,2级
2019-07-10,28℃,19℃,雷阵雨~多云,东北风,2级
2019-07-11,29℃,21℃,多云,东南风,2级
2019-07-12,33℃,22℃,多云~晴,西南风,1级
2019-07-13,33℃,23℃,雷阵雨~多云,东北风,1级
2019-07-14,33℃,23℃,雷阵雨~多云,东南风,2级
2019-07-15,35℃,24℃,晴~多云,东南风,2级
2019-07-16,33℃,24℃,多云~雷阵雨,东南风,2级
2019-07-17,30℃,23℃,雷阵雨,东南风,2级
2019-07-18,32℃,24℃,阴~多云,东南风,2级
2019-07-19,33℃,25℃,多云~雷阵雨,东南风,2级
2019-07-20,30℃,24℃,雷阵雨~多云,东南风,2级
2019-07-21,36℃,27℃,晴~多云,西南风,2级
2019-07-22,35℃,25℃,多云~中雨,西南风,2级
2019-07-23,34℃,25℃,晴,西南风,2级
2019-07-24,36℃,27℃,多云~雷阵雨,西南风,2级
2019-07-25,35℃,26℃,多云~晴,西南风,2级
2019-07-26,37℃,27℃,晴,西南风,2级
2019-07-27,36℃,27℃,多云,东南风,2级
2019-07-28,35℃,26℃,多云~雷阵雨,东南风,2级
2019-07-29,29℃,23℃,中雨~多云,东北风,2级
2019-07-30,34℃,24℃,多云~晴,西南风,2级
2019-07-31,35℃,24℃,晴~多云,东北风,2级
2019-08-01,32℃,24℃,中雨~雷阵雨,东南风,2级
2019-08-02,30℃,24℃,雷阵雨~小雨,东南风,2级
2019-08-03,31℃,24℃,阴,东南风,2级
2019-08-04,29℃,23℃,雷阵雨,东南风,1级
2019-08-05,28℃,24℃,中雨~雷阵雨,东南风,2级
2019-08-06,30℃,24℃,雷阵雨,东南风,2级
2019-08-07,29℃,23℃,雷阵雨,东南风,2级
2019-08-08,32℃,25℃,多云~雷阵雨,东南风,2级
2019-08-09,30℃,23℃,雷阵雨~中雨,西南风,2级
2019-08-10,29℃,23℃,雷阵雨,东南风,2级
2019-08-11,28℃,24℃,中雨~小雨,东北风,2级
2019-08-12,30℃,23℃,中雨~小雨,东北风,3级
2019-08-13,31℃,22℃,阴~多云,西北风,2级
2019-08-14,32℃,21℃,多云~晴,东南风,2级
2019-08-15,32℃,22℃,雷阵雨~中雨,西南风,2级
2019-08-16,31℃,22℃,晴,西北风,3级
2019-08-17,31℃,19℃,晴,西北风,3级
2019-08-18,31℃,21℃,晴,西南风,2级
2019-08-19,31℃,22℃,多云,西南风,2级
2019-08-20,27℃,19℃,小雨~多云,东南风,2级
2019-08-21,31℃,21℃,晴,西北风,2级
2019-08-22,32℃,20℃,晴~多云,西北风,2级
2019-08-23,30℃,19℃,多云,西北风,2级
2019-08-24,30℃,18℃,晴,西南风,2级
2019-08-25,30℃,20℃,晴~多云,西南风,2级
2019-08-26,29℃,19℃,多云,西南风,2级
2019-08-27,33℃,20℃,晴,西北风,2级
2019-08-28,31℃,20℃,多云~晴,西北风,3级
2019-08-29,30℃,20℃,多云~晴,西北风,3级
2019-08-30,30℃,18℃,晴,西北风,2级
2019-08-31,32℃,18℃,晴,东南风,2级
2019-09-01,33℃,19℃,多云~晴,西南风,2级
2019-09-02,34℃,20℃,晴,南风,2级
2019-09-03,33℃,20℃,晴,东南风,2级
2019-09-04,32℃,19℃,晴,东南风,2级
2019-09-05,33℃,20℃,晴,东南风,2级
2019-09-06,33℃,20℃,晴,东南风,1级
2019-09-07,34℃,21℃,晴,西南风,2级
2019-09-08,35℃,22℃,晴~多云,东北风,2级
2019-09-09,32℃,21℃,小雨,东北风,2级
2019-09-10,25℃,18℃,小雨~阴,东北风,2级
2019-09-11,24℃,18℃,多云,西南风,2级
2019-09-12,25℃,18℃,阴~中雨,西南风,2级
2019-09-13,26℃,18℃,小雨~多云,西北风,2级
2019-09-14,29℃,17℃,晴~多云,西南风,2级
2019-09-15,28℃,17℃,多云,西南风,2级
2019-09-16,26℃,17℃,多云,东南风,2级
2019-09-17,28℃,16℃,多云~晴,西南风,2级
2019-09-18,24℃,14℃,晴~多云,东南风,2级
2019-09-19,25℃,16℃,多云~阴,西南风,1级
2019-09-20,27℃,16℃,多云,西北风,1级
2019-09-21,27℃,16℃,多云~晴,东北风,2级
2019-09-22,27℃,16℃,晴,东南风,1级
2019-09-23,30℃,17℃,晴,西北风,2级
2019-09-24,31℃,15℃,晴,东北风,2级
2019-09-25,31℃,16℃,晴,西南风,2级
2019-09-26,30℃,15℃,晴,东南风,1级
2019-09-27,29℃,15℃,晴,东南风,2级
2019-09-28,30℃,17℃,晴,西南风,1级
2019-09-29,29℃,18℃,多云,东南风,1级
2019-09-30,30℃,19℃,多云~晴,西南风,2级
2019-10-01,30℃,20℃,多云,西南风,2级
2019-10-02,29℃,17℃,晴~多云,东南风,2级
2019-10-03,29℃,13℃,多云~小雨,东南风,2级
2019-10-04,15℃,9℃,小雨~晴,东南风,2级
2019-10-05,19℃,9℃,晴~多云,东北风,2级
2019-10-06,19℃,9℃,多云,西南风,2级
2019-10-07,24℃,10℃,晴,西北风,2级
2019-10-08,20℃,9℃,晴,西北风,3级
2019-10-09,22℃,11℃,多云,西南风,2级
2019-10-10,22℃,12℃,多云,东南风,2级
2019-10-11,18℃,13℃,阴~多云,东南风,2级
2019-10-12,18℃,9℃,多云~小雨,东南风,2级
2019-10-13,12℃,5℃,小雨~多云,东南风,2级
2019-10-14,16℃,4℃,晴,西北风,2级
2019-10-15,17℃,6℃,晴~多云,西南风,1级
2019-10-16,15℃,9℃,阴~小雨,西南风,2级
2019-10-17,14℃,7℃,小雨~多云,东南风,1级
2019-10-18,18℃,7℃,多云,西南风,1级
2019-10-19,20℃,10℃,多云,西南风,1级
2019-10-20,22℃,7℃,晴,西北风,3级
2019-10-21,19℃,6℃,晴,东南风,2级
2019-10-22,20℃,7℃,晴,东北风,1级
2019-10-23,21℃,11℃,多云,东北风,1级
2019-10-24,16℃,7℃,小雨~多云,西北风,2级
2019-10-25,14℃,2℃,晴,西北风,3级
2019-10-26,16℃,3℃,晴,西南风,2级
2019-10-27,18℃,5℃,晴~多云,西南风,1级
2019-10-28,15℃,2℃,晴,西北风,4级
2019-10-29,16℃,3℃,晴,西南风,1级
2019-10-30,20℃,5℃,晴,西南风,1级
2019-10-31,22℃,4℃,晴,东北风,2级
2019-11-01,18℃,8℃,多云~小雨,东南风,2级
2019-11-02,13℃,8℃,小雨,东北风,1级
2019-11-03,14℃,4℃,多云~晴,东南风,2级
2019-11-04,16℃,5℃,晴,西南风,1级
2019-11-05,16℃,6℃,晴~多云,东南风,2级
2019-11-06,16℃,5℃,多云~晴,东南风,1级
2019-11-07,12℃,1℃,晴,东南风,2级
2019-11-08,15℃,2℃,晴~多云,西北风,1级
2019-11-09,14℃,6℃,多云~中雨,东北风,1级
2019-11-10,17℃,6℃,多云~晴,西北风,4级
2019-11-11,16℃,4℃,晴,西北风,2级
2019-11-12,18℃,5℃,多云,西北风,1级
2019-11-13,8℃,-4℃,晴,西北风,4级
2019-11-14,10℃,-2℃,晴,东南风,1级
2019-11-15,9℃,1℃,晴,东南风,2级
2019-11-16,9℃,4℃,多云~小雨,东南风,2级
2019-11-17,12℃,-4℃,多云~晴,西北风,3级
2019-11-18,4℃,-5℃,晴,西北风,3级
2019-11-19,7℃,-3℃,多云,西南风,2级
2019-11-20,7℃,-2℃,晴,东北风,1级
2019-11-21,9℃,-1℃,晴~多云,东北风,1级
2019-11-22,10℃,2℃,多云~阴,东北风,1级
2019-11-23,12℃,4℃,阴~多云,西北风,2级
2019-11-24,6℃,-5℃,晴,西北风,4级
2019-11-25,3℃,-5℃,晴,西南风,2级
2019-11-26,5℃,-4℃,晴,西北风,1级
2019-11-27,4℃,-6℃,晴,东北风,2级
2019-11-28,3℃,-5℃,晴~多云,东北风,1级
2019-11-29,3℃,-4℃,小雪,东南风,1级
2019-11-30,5℃,-5℃,多云~晴,西北风,2级
2019-12-01,4℃,-5℃,晴,西北风,2级
2019-12-02,4℃,-5℃,晴,西南风,2级
2019-12-03,7℃,-4℃,晴,西北风,2级
2019-12-04,8℃,-5℃,晴,西北风,2级
2019-12-05,2℃,-6℃,晴,东北风,2级
2019-12-06,4℃,-5℃,晴,西北风,1级
2019-12-07,6℃,-6℃,晴~多云,东北风,1级
2019-12-08,5℃,-5℃,多云,东北风,1级
2019-12-09,3℃,-5℃,霾~雾,西北风,1级
2019-12-10,9℃,-3℃,雾~晴,西北风,3级
2019-12-11,4℃,-6℃,晴,西北风,3级
2019-12-12,5℃,-5℃,晴,西北风,1级
2019-12-13,10℃,-5℃,晴,西北风,2级
2019-12-14,5℃,-3℃,晴~多云,东北风,1级
2019-12-15,3℃,-2℃,多云~中雪,东北风,1级
2019-12-16,2℃,-4℃,小雪~多云,东北风,1级
2019-12-17,6℃,-7℃,晴,西北风,3级
2019-12-18,2℃,-6℃,晴,东北风,1级
2019-12-19,2℃,-9℃,晴,西北风,3级
2019-12-20,3℃,-7℃,晴,东北风,1级
2019-12-21,4℃,-6℃,多云,东北风,1级
2019-12-22,5℃,-5℃,多云~晴,东北风,1级
2019-12-23,3℃,-4℃,多云~阴,东北风,2级
2019-12-24,1℃,-6℃,小雪~多云,东南风,1级
2019-12-25,5℃,-6℃,多云,东北风,2级
2019-12-26,4℃,-7℃,多云~晴,西北风,2级
2019-12-27,4℃,-6℃,晴,东北风,1级
2019-12-28,3℃,-7℃,晴~多云,东北风,1级
2019-12-29,5℃,-7℃,多云~晴,西北风,3级
2019-12-30,-5℃,-12℃,晴,西北风,4级
2019-12-31,-3℃,-10℃,晴,西北风,1级
2020-01-01,0℃,-9℃,晴,东北风,1级
2020-01-02,4℃,-8℃,多云,西北风,1级
2020-01-03,7℃,-5℃,晴,西北风,1级
2020-01-04,9℃,-5℃,晴,东北风,1级
2020-01-05,2℃,-3℃,阴~小雪,东北风,1级
2020-01-06,3℃,-2℃,阴~多云,北风,1级
2020-01-07,2℃,-4℃,阴~晴,西北风,2级
2020-01-08,5℃,-6℃,晴,西北风,2级
2020-01-09,4℃,-7℃,晴,东北风,1级
2020-01-10,6℃,-4℃,晴~多云,西北风,2级
2020-01-11,0℃,-7℃,阴,东北风,2级
2020-01-12,2℃,-6℃,多云~晴,东北风,1级
2020-01-13,0℃,-8℃,晴,西北风,3级
2020-01-14,1℃,-9℃,晴,东北风,2级
2020-01-15,1℃,-7℃,多云,西北风,1级
2020-01-16,2℃,-7℃,多云,东北风,1级
2020-01-17,3℃,-7℃,阴~晴,西北风,1级
2020-01-18,-2℃,-4℃,雾~多云,西北风,1级
2020-01-19,5℃,-4℃,多云~晴,西北风,2级
2020-01-20,6℃,-7℃,晴,西北风,2级
2020-01-21,4℃,-6℃,多云~晴,东北风,1级
2020-01-22,6℃,-5℃,晴,东北风,1级
2020-01-23,8℃,-6℃,晴,东北风,2级
2020-01-24,4℃,-6℃,晴,东南风,1级
2020-01-25,5℃,-5℃,多云,西北风,1级
2020-01-26,3℃,-4℃,阴~多云,东北风,1级
2020-01-27,5℃,-4℃,阴,东北风,1级
2020-01-28,5℃,-4℃,阴~霾,东北风,1级
2020-01-29,8℃,-6℃,多云~晴,西北风,1级
2020-01-30,6℃,-6℃,晴,西南风,1级
2020-01-31,8℃,-5℃,晴,西北风,2级
2020-02-01,4℃,-3℃,多云~小雪,东北风,2级
2020-02-02,3℃,-7℃,小雪~晴,西北风,2级
2020-02-03,3℃,-6℃,晴,西南风,2级
2020-02-04,2℃,-8℃,晴~多云,东北风,2级
2020-02-05,-3℃,-6℃,小雪,东南风,2级
2020-02-06,-3℃,-9℃,中雪~多云,东南风,1级
2020-02-07,1℃,-7℃,多云~晴,东北风,1级
2020-02-08,7℃,-7℃,晴,西北风,1级
2020-02-09,6℃,-5℃,多云~晴,东北风,1级
2020-02-10,12℃,-5℃,雾~晴,东北风,1级
2020-02-11,10℃,-2℃,雾,东北风,1级
2020-02-12,11℃,-2℃,雾,东北风,1级
2020-02-13,8℃,0℃,雾~雨夹雪,东北风,2级
2020-02-14,0℃,-6℃,暴雪~阴,东北风,2级
2020-02-15,0℃,-4℃,中雪~晴,西北风,4级
2020-02-16,3℃,-5℃,阴~晴,西北风,3级
2020-02-17,6℃,-5℃,晴,西北风,2级
2020-02-18,10℃,-4℃,多云~晴,东北风,1级
2020-02-19,8℃,-4℃,晴~多云,东北风,2级
2020-02-20,4℃,-3℃,多云~晴,东南风,1级
2020-02-21,9℃,-2℃,多云~晴,西北风,2级
2020-02-22,9℃,-3℃,晴,西北风,3级
2020-02-23,10℃,0℃,晴~多云,东北风,1级
2020-02-24,9℃,3℃,阴~小雨,东北风,2级
2020-02-25,9℃,-2℃,阴~晴,东南风,2级
2020-02-26,8℃,-2℃,多云~阴,东南风,2级
2020-02-27,5℃,-3℃,阴~多云,西南风,3级
2020-02-28,8℃,0℃,晴~多云,西南风,1级
2020-02-29,3℃,1℃,雨夹雪~小雨,东南风,1级
2020-03-01,10℃,-3℃,雾~晴,西北风,2级
2020-03-02,9℃,-1℃,阴~雨夹雪,东南风,2级
2020-03-03,8℃,-3℃,晴,西北风,3级
2020-03-04,7℃,-2℃,晴,西北风,2级
2020-03-05,9℃,-2℃,晴,西南风,2级
2020-03-06,10℃,1℃,晴~小雨,东北风,2级
2020-03-07,15℃,1℃,晴~雾,东北风,2级
2020-03-08,6℃,5℃,雾~小雨,东北风,2级
2020-03-09,11℃,-1℃,阴~多云,东南风,2级
2020-03-10,11℃,-4℃,晴,西北风,3级
2020-03-11,16℃,1℃,晴,东北风,1级
2020-03-12,14℃,-2℃,多云,东北风,3级
2020-03-13,12℃,-1℃,晴,西北风,3级
2020-03-14,16℃,3℃,晴,西北风,3级
2020-03-15,18℃,0℃,晴,东北风,2级
2020-03-16,12℃,3℃,晴,东南风,2级
2020-03-17,23℃,3℃,晴~多云,西北风,2级
2020-03-18,26℃,5℃,晴,西北风,3级
2020-03-19,17℃,4℃,晴~多云,西北风,3级
2020-03-20,24℃,7℃,阴~多云,西北风,2级
2020-03-21,17℃,3℃,多云~晴,东南风,2级
2020-03-22,21℃,7℃,晴,西南风,2级
2020-03-23,22℃,6℃,晴~多云,东南风,2级
2020-03-24,18℃,5℃,阴~多云,东南风,2级
2020-03-25,21℃,5℃,多云~小雨,东南风,2级
2020-03-26,12℃,2℃,小雨~多云,西北风,4级
2020-03-27,13℃,-1℃,晴,西北风,3级
2020-03-28,14℃,2℃,晴,西南风,2级
2020-03-29,16℃,5℃,多云,西南风,2级
2020-03-30,18℃,7℃,阴~多云,西南风,2级
2020-03-31,19℃,7℃,阴~多云,东北风,2级
2020-04-01,16℃,3℃,阴~晴,东北风,3级
2020-04-02,20℃,7℃,晴,西北风,2级
2020-04-03,24℃,9℃,晴,西北风,2级
2020-04-04,18℃,4℃,晴,东南风,3级
2020-04-05,19℃,6℃,晴,西南风,2级
2020-04-06,23℃,9℃,多云,东南风,2级
2020-04-07,18℃,5℃,阴~晴,东南风,2级
2020-04-08,15℃,7℃,多云~小雨,东南风,2级
2020-04-09,12℃,4℃,阴~多云,西南风,2级
2020-04-10,17℃,6℃,晴,西南风,1级
2020-04-11,23℃,10℃,晴,西北风,2级
2020-04-12,25℃,6℃,晴,东北风,3级
2020-04-13,27℃,10℃,晴,西南风,1级
2020-04-14,26℃,11℃,多云,西南风,2级
2020-04-15,24℃,11℃,多云~中雨,东南风,2级
2020-04-16,19℃,11℃,浮尘~多云,西北风,3级
2020-04-17,21℃,8℃,晴,东北风,3级
2020-04-18,22℃,11℃,阴,东南风,2级
2020-04-19,21℃,10℃,多云,西南风,3级
2020-04-20,15℃,4℃,晴,西北风,4级
2020-04-21,13℃,4℃,晴,西北风,4级
2020-04-22,16℃,6℃,晴,西北风,4级
2020-04-23,19℃,6℃,晴,西北风,3级
2020-04-24,29℃,12℃,浮尘~扬沙,西北风,3级
2020-04-25,22℃,9℃,阴~晴,东北风,3级
2020-04-26,22℃,7℃,阴~晴,东北风,2级
2020-04-27,28℃,11℃,晴,南风,2级
2020-04-28,27℃,16℃,晴,西南风,2级
2020-04-29,28℃,15℃,晴,南风,2级
2020-04-30,32℃,17℃,多云~晴,南风,1级
2020-05-01,34℃,21℃,多云~晴,西南风,2级
2020-05-02,32℃,17℃,晴,南风,3级
2020-05-03,25℃,14℃,阴~雷阵雨,东风,2级
2020-05-04,17℃,10℃,阴~雾,南风,3级
2020-05-05,22℃,13℃,晴,西南风,2级
2020-05-06,25℃,13℃,多云~小雨,东南风,2级
2020-05-07,19℃,13℃,阴~小雨,东南风,2级
2020-05-08,15℃,10℃,小雨~阴,东风,2级
2020-05-09,19℃,13℃,阴~晴,西南风,2级
2020-05-10,25℃,14℃,多云,西北风,3级
2020-05-11,27℃,13℃,阴~晴,西北风,3级
2020-05-12,26℃,12℃,晴,西北风,2级
2020-05-13,30℃,18℃,晴~多云,西南风,2级
2020-05-14,30℃,15℃,多云,南风,3级
2020-05-15,22℃,15℃,阴~雷阵雨,东南风,2级
2020-05-16,22℃,13℃,浮尘,东风,2级
2020-05-17,22℃,14℃,多云,西北风,2级
2020-05-18,26℃,15℃,多云,北风,3级
2020-05-19,30℃,15℃,晴,西南风,2级
2020-05-20,29℃,16℃,多云,东北风,2级
2020-05-21,22℃,15℃,阴~多云,东风,2级
2020-05-22,29℃,16℃,晴~雷阵雨,西北风,3级
2020-05-23,26℃,16℃,小雨~晴,西北风,3级
2020-05-24,29℃,17℃,晴,西北风,2级
2020-05-25,24℃,13℃,小雨~多云,东北风,2级
2020-05-26,28℃,16℃,晴~小雨,西北风,2级
2020-05-27,30℃,16℃,晴,西北风,3级
2020-05-28,32℃,17℃,多云~雷阵雨,东南风,2级
2020-05-29,29℃,21℃,阴~多云,东风,2级
2020-05-30,31℃,18℃,阴~雷阵雨,南风,3级
2020-05-31,28℃,16℃,中雨~晴,西北风,3级
2020-06-01,31℃,16℃,晴~雷阵雨,西南风,2级
2020-06-02,32℃,20℃,晴,西南风,2级
2020-06-03,36℃,20℃,浮尘~晴,西北风,3级
2020-06-04,32℃,18℃,晴~多云,东风,2级
2020-06-05,30℃,17℃,晴,东南风,2级
2020-06-06,31℃,19℃,晴~多云,东南风,2级
2020-06-07,35℃,24℃,多云~晴,南风,2级
2020-06-08,37℃,26℃,多云,西南风,3级
2020-06-09,28℃,21℃,阴~雷阵雨,东风,2级
2020-06-10,33℃,21℃,阴~晴,西北风,2级
2020-06-11,31℃,21℃,阴~雷阵雨,北风,2级
2020-06-12,34℃,23℃,阴~多云,西南风,2级
2020-06-13,32℃,23℃,阴~晴,西北风,2级
2020-06-14,34℃,22℃,晴,西北风,3级
2020-06-15,37℃,22℃,多云,西南风,2级
2020-06-16,36℃,24℃,阴~多云,南风,2级
2020-06-17,31℃,21℃,阴,西南风,3级
2020-06-18,32℃,22℃,阴~多云,西南风,2级
2020-06-19,32℃,24℃,小雨~多云,西南风,3级
2020-06-20,33℃,25℃,阴~雷阵雨,西南风,3级
2020-06-21,34℃,25℃,多云~晴,西南风,3级
2020-06-22,32℃,24℃,多云,南风,3级
2020-06-23,31℃,22℃,阴~多云,东南风,3级
2020-06-24,29℃,22℃,阴~雷阵雨,东南风,2级
2020-06-25,29℃,20℃,阴~雷阵雨,南风,2级
2020-06-26,28℃,21℃,小雨~多云,东南风,2级
2020-06-27,32℃,22℃,晴~多云,东南风,2级
2020-06-28,30℃,22℃,阴~雷阵雨,南风,2级
2020-06-29,27℃,21℃,阴~小雨,东风,2级
2020-06-30,34℃,22℃,阴~多云,西北风,1级
2020-07-01,34℃,22℃,阴~雷阵雨,东风,2级
2020-07-02,28℃,21℃,阴~中雨,东北风,2级
2020-07-03,27℃,20℃,小雨~多云,东风,2级
2020-07-04,30℃,22℃,阴~雷阵雨,西南风,2级
2020-07-05,32℃,21℃,阴~雷阵雨,北风,2级
2020-07-06,33℃,22℃,多云,东南风,2级
2020-07-07,33℃,21℃,小雨~晴,东北风,2级
2020-07-08,32℃,21℃,晴~雷阵雨,南风,2级
2020-07-09,23℃,19℃,中雨~阴,东南风,2级
2020-07-10,25℃,21℃,多云~雷阵雨,东南风,2级
2020-07-11,26℃,22℃,阴~雷阵雨,东南风,2级
2020-07-12,28℃,21℃,阴~雾,东南风,2级
2020-07-13,30℃,22℃,阴~多云,东南风,2级
2020-07-14,31℃,22℃,多云,西南风,2级
2020-07-15,33℃,22℃,晴,西南风,2级
2020-07-16,33℃,25℃,多云~雷阵雨,西南风,3级
2020-07-17,29℃,23℃,阴~雷阵雨,西南风,3级
2020-07-18,27℃,22℃,阴~雷阵雨,东南风,2级
2020-07-19,32℃,20℃,多云~晴,东北风,2级
2020-07-20,34℃,24℃,多云~晴,南风,2级
2020-07-21,34℃,22℃,阴~多云,西南风,3级
2020-07-22,32℃,22℃,多云,东南风,2级
2020-07-23,32℃,22℃,多云~晴,东南风,2级
2020-07-24,37℃,24℃,晴,西南风,2级
2020-07-25,33℃,24℃,阴~雷阵雨,西南风,2级
2020-07-26,25℃,21℃,小雨,南风,2级
2020-07-27,24℃,21℃,小雨~阴,东南风,2级
2020-07-28,28℃,22℃,阴~雷阵雨,东南风,2级
2020-07-29,31℃,24℃,多云,西南风,2级
2020-07-30,34℃,25℃,多云~雷阵雨,西南风,2级
2020-07-31,34℃,24℃,多云~雾,南风,2级
2020-08-01,30℃,25℃,阴,西南风,2级
2020-08-02,33℃,22℃,小雨~晴,西南风,2级
2020-08-03,33℃,24℃,多云~晴,西北风,2级
2020-08-04,37℃,26℃,多云,西北风,2级
2020-08-05,30℃,23℃,中雨~阴,西南风,2级
2020-08-06,31℃,23℃,小雨~多云,东南风,2级
2020-08-07,33℃,22℃,阴~多云,东南风,2级
2020-08-08,31℃,23℃,阴~多云,南风,2级
2020-08-09,33℃,22℃,晴~雷阵雨,西南风,2级
2020-08-10,32℃,23℃,多云~晴,西南风,2级
2020-08-11,34℃,25℃,晴~雷阵雨,西南风,2级
2020-08-12,31℃,24℃,小雨~大雨,东南风,2级
2020-08-13,32℃,23℃,阴~晴,西南风,2级
2020-08-14,34℃,26℃,晴~雷阵雨,西南风,2级
2020-08-15,31℃,22℃,小雨~多云,西南风,2级
2020-08-16,25℃,21℃,小雨,南风,2级
2020-08-17,27℃,24℃,阴~雷阵雨,东南风,2级
2020-08-18,26℃,22℃,小雨,北风,2级
2020-08-19,26℃,19℃,阴~多云,东北风,2级
2020-08-20,26℃,17℃,小雨~多云,东南风,2级
2020-08-21,28℃,17℃,晴,南风,2级
2020-08-22,28℃,19℃,多云,西南风,2级
2020-08-23,28℃,21℃,多云~暴雨,南风,2级
2020-08-24,33℃,20℃,阴~晴,西北风,2级
2020-08-25,34℃,22℃,阴~晴,东南风,2级
2020-08-26,28℃,22℃,多云,东南风,2级
2020-08-27,32℃,19℃,多云,东南风,2级
2020-08-28,30℃,22℃,晴~多云,东南风,2级
2020-08-29,30℃,23℃,多云~阴,东南风,2级
2020-08-30,30℃,22℃,阴~雷阵雨,东南风,2级
2020-08-31,26℃,18℃,阴~晴,西北风,2级
2020-09-01,33℃,20℃,阴~多云,西北风,2级
2020-09-02,29℃,19℃,多云,西北风,3级
2020-09-03,28℃,16℃,多云~晴,西北风,3级
2020-09-04,30℃,17℃,多云~雷阵雨,西南风,2级
2020-09-05,30℃,19℃,多云~晴,东南风,2级
2020-09-06,30℃,20℃,多云~雷阵雨,东南风,2级
2020-09-07,31℃,21℃,晴~多云,东北风,2级
2020-09-08,31℃,19℃,多云,西北风,2级
2020-09-09,31℃,18℃,晴~多云,西北风,2级
2020-09-10,26℃,18℃,小雨~阴,北风,3级
2020-09-11,26℃,19℃,多云~小雨,东北风,2级
2020-09-12,26℃,18℃,多云~小雨,东北风,2级
2020-09-13,27℃,19℃,多云~小雨,东南风,2级
2020-09-14,25℃,19℃,小雨~中雨,西南风,2级
2020-09-15,23℃,17℃,小雨~晴,东南风,2级
2020-09-16,26℃,15℃,晴,西北风,3级
2020-09-17,27℃,13℃,晴,西北风,3级
2020-09-18,28℃,12℃,晴,西北风,2级
2020-09-19,29℃,14℃,晴,东北风,1级
2020-09-20,26℃,15℃,晴~多云,东南风,2级
2020-09-21,26℃,16℃,阴~多云,南风,2级
2020-09-22,26℃,16℃,多云~阴,东北风,2级
2020-09-23,18℃,16℃,大雨~小雨,东北风,2级
2020-09-24,24℃,13℃,多云,东风,2级
2020-09-25,25℃,14℃,阴~晴,东南风,1级
2020-09-26,25℃,14℃,晴,南风,2级
2020-09-27,26℃,14℃,晴~多云,南风,2级
2020-09-28,25℃,14℃,多云~中雨,南风,2级
2020-09-29,19℃,9℃,小雨~晴,东北风,2级
2020-09-30,20℃,13℃,晴~小雨,南风,2级
2020-10-01,20℃,14℃,阴~晴,南风,2级
2020-10-02,21℃,8℃,晴,西北风,3级
2020-10-03,22℃,9℃,多云~晴,西风,3级
2020-10-04,18℃,8℃,晴,西北风,4级
2020-10-05,19℃,6℃,晴,西北风,2级
2020-10-06,21℃,10℃,晴~多云,西南风,1级
2020-10-07,22℃,9℃,阴~晴,南风,2级
2020-10-08,18℃,11℃,多云~阴,南风,2级
2020-10-09,21℃,10℃,阴~晴,南风,1级
2020-10-10,23℃,12℃,多云~阴,南风,2级
2020-10-11,19℃,7℃,多云,北风,3级
2020-10-12,18℃,6℃,晴,西南风,2级
2020-10-13,21℃,7℃,多云,北风,3级
2020-10-14,13℃,5℃,阴~晴,东南风,2级
2020-10-15,18℃,8℃,晴~多云,东北风,1级
2020-10-16,19℃,4℃,多云~晴,西北风,3级
2020-10-17,22℃,7℃,晴,西南风,2级
2020-10-18,21℃,5℃,晴,东北风,2级
2020-10-19,21℃,7℃,晴~多云,南风,1级
2020-10-20,17℃,8℃,阴~多云,西南风,1级
2020-10-21,16℃,3℃,晴,西北风,3级
2020-10-22,15℃,3℃,晴,西北风,3级
2020-10-23,18℃,3℃,晴,西北风,2级
2020-10-24,20℃,7℃,晴~多云,西南风,1级
2020-10-25,19℃,7℃,阴~多云,东北风,1级
2020-10-26,21℃,7℃,多云~晴,西北风,2级
2020-10-27,17℃,5℃,多云~晴,北风,2级
2020-10-28,18℃,5℃,阴~多云,北风,2级
2020-10-29,19℃,3℃,阴~晴,西北风,1级
2020-10-30,17℃,8℃,晴~阴,南风,2级
2020-10-31,19℃,6℃,浮尘~晴,西北风,3级
2020-11-01,17℃,4℃,晴,西北风,3级
2020-11-02,12℃,0℃,晴,西北风,3级
2020-11-03,14℃,0℃,晴,西北风,2级
2020-11-04,15℃,2℃,晴,北风,1级
2020-11-05,15℃,4℃,多云,东北风,1级
2020-11-06,18℃,4℃,晴,西北风,2级
2020-11-07,19℃,2℃,晴,西北风,3级
2020-11-08,15℃,1℃,晴,西北风,2级
2020-11-09,16℃,2℃,晴,西北风,2级
2020-11-10,18℃,2℃,晴,东北风,1级
2020-11-11,14℃,4℃,多云~晴,东北风,1级
2020-11-12,20℃,4℃,多云~晴,北风,2级
2020-11-13,16℃,4℃,晴~多云,东风,2级
2020-11-14,12℃,4℃,阴~多云,东风,1级
2020-11-15,16℃,5℃,多云,东北风,1级
2020-11-16,13℃,8℃,阴~小雨,东风,1级
2020-11-17,10℃,8℃,阴~小雨,东北风,1级
2020-11-18,11℃,4℃,大雨~小雨,东北风,2级
2020-11-19,9℃,-2℃,阴~多云,东北风,2级
2020-11-20,8℃,-1℃,晴~小雪,东北风,2级
2020-11-21,2℃,-2℃,雨夹雪~多云,东北风,1级
2020-11-22,3℃,-5℃,晴,西北风,3级
2020-11-23,6℃,-3℃,晴~多云,西北风,2级
2020-11-24,7℃,-4℃,阴~晴,西北风,1级
2020-11-25,6℃,-4℃,多云,东北风,2级
2020-11-26,5℃,-4℃,多云~晴,东南风,1级
2020-11-27,5℃,-3℃,晴,西北风,3级
2020-11-28,3℃,-5℃,阴~多云,北风,2级
2020-11-29,5℃,-4℃,晴,西北风,2级
2020-11-30,4℃,-6℃,多云~晴,北风,2级
2020-12-01,3℃,-4℃,多云~阴,东北风,1级
2020-12-02,3℃,-4℃,阴~晴,西北风,2级
2020-12-03,4℃,-4℃,晴,西北风,3级
2020-12-04,4℃,-6℃,晴,西北风,3级
2020-12-05,4℃,-5℃,晴,西北风,1级
2020-12-06,6℃,-4℃,晴,西北风,3级
2020-12-07,1℃,-7℃,晴,西北风,3级
2020-12-08,2℃,-6℃,晴~多云,西北风,1级
2020-12-09,3℃,-5℃,多云~晴,东北风,1级
2020-12-10,7℃,-4℃,晴,西北风,1级
2020-12-11,6℃,-6℃,晴,北风,2级
2020-12-12,2℃,-6℃,晴,西北风,2级
2020-12-13,-2℃,-9℃,晴,西北风,3级
2020-12-14,0℃,-9℃,晴,西北风,2级
2020-12-15,0℃,-8℃,晴,北风,1级
2020-12-16,1℃,-9℃,晴,西北风,2级
2020-12-17,3℃,-6℃,晴,西北风,2级
2020-12-18,0℃,-9℃,晴,北风,3级
2020-12-19,3℃,-6℃,晴,北风,1级
2020-12-20,5℃,-7℃,晴,北风,2级
2020-12-21,5℃,-8℃,晴,北风,1级
2020-12-22,6℃,-6℃,晴~多云,东北风,1级
2020-12-23,7℃,-5℃,晴,西北风,3级
2020-12-24,4℃,-7℃,晴,西北风,3级
2020-12-25,7℃,-7℃,晴,北风,1级
2020-12-26,3℃,-6℃,多云~晴,东北风,1级
2020-12-27,7℃,-5℃,晴~多云,东北风,1级
2020-12-28,2℃,-10℃,阴~多云,东北风,2级
2020-12-29,-8℃,-13℃,多云~晴,西北风,4级
2020-12-30,-5℃,-13℃,晴,西北风,3级
2020-12-31,0℃,-11℃,晴,西北风,2级
2021-01-01,1℃,-11℃,晴,东北风,1级
2021-01-02,0℃,-9℃,晴~多云,东北风,1级
2021-01-03,-1℃,-8℃,多云,东北风,1级
2021-01-04,0℃,-11℃,多云~晴,西北风,3级
2021-01-05,-2℃,-11℃,晴,西北风,2级
2021-01-06,0℃,-19℃,多云~晴,西北风,4级
2021-01-07,-7℃,-14℃,晴,西北风,3级
2021-01-08,-2℃,-10℃,晴,西北风,3级
2021-01-09,1℃,-8℃,晴,西北风,2级
2021-01-10,1℃,-7℃,多云,西北风,2级
2021-01-11,2℃,-8℃,多云,西北风,2级
2021-01-12,4℃,-6℃,晴~多云,北风,1级
2021-01-13,8℃,-6℃,晴~多云,北风,2级
2021-01-14,2℃,-4℃,阴~多云,东北风,2级
2021-01-15,3℃,-8℃,晴,北风,3级
2021-01-16,0℃,-8℃,晴,西北风,3级
2021-01-17,3℃,-7℃,晴,西风,2级
2021-01-18,4℃,-6℃,晴~阴,东北风,2级
2021-01-19,-3℃,-8℃,阴~多云,东北风,2级
2021-01-20,1℃,-5℃,晴~多云,西北风,1级
2021-01-21,5℃,-5℃,阴~晴,西北风,1级
2021-01-22,5℃,-7℃,晴~多云,东北风,1级
2021-01-23,3℃,-6℃,多云,西南风,1级
2021-01-24,5℃,-5℃,晴~多云,东北风,1级
2021-01-25,1℃,-6℃,雨夹雪~雾,西风,1级
2021-01-26,6℃,-7℃,阴~多云,西北风,2级
2021-01-27,3℃,-6℃,阴~多云,北风,2级
2021-01-28,-1℃,-9℃,晴,西北风,微风
2021-01-29,0℃,-8℃,晴,东北风,1级
2021-01-30,7℃,-7℃,晴,东南风,1级
2021-01-31,0℃,-5℃,多云~晴,东北风,1级
2021-02-01,2℃,-10℃,晴,西北风,3级
2021-02-02,0℃,-8℃,晴~多云,西北风,2级
2021-02-03,7℃,-6℃,多云~晴,西北风,微风
2021-02-04,10℃,-5℃,晴~多云,西南风,微风
2021-02-05,15℃,-2℃,晴,西北风,1级
2021-02-06,16℃,-3℃,晴~多云,西北风,2级
2021-02-07,7℃,-5℃,晴,北风,2级
2021-02-08,7℃,-5℃,多云,东南风,1级
2021-02-09,10℃,-3℃,晴,北风,1级
2021-02-10,15℃,-3℃,晴,北风,1级
2021-02-11,11℃,-1℃,多云~晴,北风,1级
2021-02-12,14℃,-1℃,多云,东北风,微风
2021-02-13,7℃,2℃,雾~小雨,东北风,1级
2021-02-14,4℃,-5℃,雨夹雪~多云,东北风,2级
2021-02-15,5℃,-4℃,晴~多云,西风,3级
2021-02-16,0℃,-7℃,晴,西北风,4级
2021-02-17,3℃,-7℃,晴,西北风,3级
2021-02-18,7℃,-5℃,晴,东北风,1级
2021-02-19,16℃,-2℃,多云,西北风,1级
2021-02-20,20℃,3℃,阴~多云,西北风,1级
2021-02-21,25℃,4℃,阴~晴,西北风,2级
2021-02-22,12℃,0℃,多云,东北风,3级
2021-02-23,3℃,-3℃,阴,东南风,2级
2021-02-24,5℃,-3℃,阴~多云,东南风,1级
2021-02-25,8℃,-3℃,阴~晴,东北风,1级
2021-02-26,11℃,-3℃,多云~晴,南风,1级
2021-02-27,11℃,1℃,多云~雨夹雪,南风,2级
2021-02-28,5℃,0℃,小雨~雨夹雪,东北风,2级
2021-03-01,5℃,-6℃,小雪~多云,南风,2级
2021-03-02,4℃,-2℃,多云,南风,微风
2021-03-03,6℃,2℃,多云~阴,东北风,1级
2021-03-04,11℃,2℃,阴~多云,东北风,1级
2021-03-05,9℃,-2℃,雾~多云,东南风,2级
2021-03-06,4℃,-5℃,阴~晴,南风,2级
2021-03-07,8℃,-2℃,多云,西南风,微风
2021-03-08,10℃,1℃,多云,西南风,1级
2021-03-09,15℃,3℃,多云,北风,1级
2021-03-10,16℃,8℃,雾,西南风,2级
2021-03-11,17℃,7℃,阴,南风,2级
2021-03-12,10℃,6℃,小雨~雾,东南风,2级
2021-03-13,14℃,8℃,多云,东南风,1级
2021-03-14,13℃,9℃,阴,南风,2级
2021-03-15,12℃,2℃,扬沙~浮尘,西北风,3级
2021-03-16,15℃,3℃,浮尘,北风,2级
2021-03-17,13℃,6℃,小雨,东南风,2级
2021-03-18,8℃,3℃,阴~多云,东南风,2级
2021-03-19,10℃,5℃,阴~小雨,西南风,2级
2021-03-20,13℃,3℃,浮尘~晴,西北风,3级
2021-03-21,12℃,1℃,晴,西北风,3级
2021-03-22,19℃,5℃,晴,西南风,2级
2021-03-23,23℃,8℃,晴,西南风,微风
2021-03-24,21℃,6℃,阴~晴,东北风,2级
2021-03-25,21℃,11℃,多云,西南风,2级
2021-03-26,14℃,10℃,小雨~雾,东南风,1级
2021-03-27,18℃,10℃,雾~浮尘,南风,2级
2021-03-28,18℃,8℃,扬沙~晴,西北风,4级
2021-03-29,19℃,6℃,多云~晴,西北风,2级
2021-03-30,21℃,9℃,多云~晴,西南风,2级
2021-03-31,24℃,10℃,多云,东北风,2级
2021-04-01,18℃,12℃,阴,东南风,2级
2021-04-02,16℃,10℃,阴~小雨,东南风,微风
2021-04-03,18℃,7℃,晴,东北风,3级
2021-04-04,19℃,7℃,晴~多云,西南风,2级
2021-04-05,18℃,8℃,阴~多云,西南风,微风
2021-04-06,21℃,10℃,多云,西南风,2级
2021-04-07,19℃,5℃,晴,东南风,微风
2021-04-08,19℃,8℃,晴~多云,东南风,2级
2021-04-09,18℃,6℃,多云,东南风,2级
2021-04-10,20℃,12℃,阴~多云,南风,2级
2021-04-11,20℃,9℃,阴,南风,3级
2021-04-12,16℃,8℃,多云,西北风,3级
2021-04-13,16℃,5℃,晴,西北风,3级
2021-04-14,22℃,10℃,晴~多云,西南风,2级
2021-04-15,21℃,8℃,扬沙,西风,3级
2021-04-16,17℃,9℃,多云~晴,西北风,3级
2021-04-17,20℃,5℃,晴,西北风,3级
2021-04-18,25℃,10℃,晴,西南风,2级
2021-04-19,27℃,15℃,晴~多云,西南风,2级
2021-04-20,26℃,13℃,阴~多云,南风,2级
2021-04-21,21℃,12℃,阴~小雨,南风,3级
2021-04-22,16℃,9℃,小雨~多云,东南风,2级
2021-04-23,21℃,12℃,多云,东南风,2级
2021-04-24,18℃,13℃,阴~多云,东南风,2级
2021-04-25,20℃,10℃,阴,南风,2级
2021-04-26,22℃,8℃,阴~浮尘,南风,2级
2021-04-27,22℃,11℃,扬沙~晴,西北风,3级
2021-04-28,22℃,10℃,阴~多云,西南风,微风
2021-04-29,18℃,8℃,多云,西北风,3级
2021-04-30,14℃,6℃,阴~晴,西北风,2级
2021-05-01,20℃,7℃,晴,北风,3级
2021-05-02,21℃,13℃,阴~晴,南风,3级
2021-05-03,24℃,13℃,晴~多云,西南风,微风
2021-05-04,23℃,10℃,多云,西北风,3级
2021-05-05,27℃,16℃,晴,西南风,微风
2021-05-06,19℃,14℃,多云~扬沙,西风,4级
2021-05-07,25℃,17℃,晴,西北风,4级
2021-05-08,26℃,12℃,多云,西北风,3级
2021-05-09,26℃,13℃,多云,东南风,2级
2021-05-10,23℃,13℃,阴~多云,东南风,2级
2021-05-11,24℃,13℃,多云,东南风,2级
2021-05-12,26℃,15℃,多云,东北风,2级
2021-05-13,23℃,16℃,阴~多云,东南风,2级
2021-05-14,23℃,18℃,多云~阴,东南风,2级
2021-05-15,19℃,15℃,小雨,东北风,3级
2021-05-16,26℃,13℃,阴~晴,西北风,微风
2021-05-17,31℃,15℃,晴,西南风,2级
2021-05-18,32℃,19℃,多云,西南风,2级
2021-05-19,30℃,19℃,阴,西南风,微风
2021-05-20,28℃,16℃,阴~多云,西南风,2级
2021-05-21,30℃,20℃,晴~雷阵雨,西南风,2级
2021-05-22,32℃,16℃,阴~雷阵雨,西南风,2级
2021-05-23,26℃,13℃,扬沙~晴,西北风,微风
2021-05-24,24℃,13℃,多云,西北风,3级
2021-05-25,28℃,15℃,多云,西南风,微风
2021-05-26,28℃,13℃,阴~晴,北风,2级
2021-05-27,28℃,16℃,雷阵雨~多云,西北风,3级
2021-05-28,29℃,16℃,晴~多云,西北风,3级
2021-05-29,27℃,15℃,晴~小雨,东风,3级
2021-05-30,27℃,15℃,晴~小雨,东南风,2级
2021-05-31,19℃,14℃,雷阵雨~小雨,东风,2级
2021-06-01,28℃,17℃,多云~雷阵雨,东南风,2级
2021-06-02,29℃,14℃,多云~晴,北风,2级
2021-06-03,28℃,17℃,晴,西北风,3级
2021-06-04,30℃,16℃,晴,西北风,3级
2021-06-05,34℃,18℃,晴,西北风,2级
2021-06-06,33℃,20℃,多云~小雨,东风,2级
2021-06-07,27℃,19℃,阴,东南风,3级
2021-06-08,29℃,21℃,阴~小雨,东南风,2级
2021-06-09,25℃,19℃,阴~中雨,西北风,2级
2021-06-10,32℃,18℃,阴~晴,西风,2级
2021-06-11,36℃,20℃,阴~多云,西南风,2级
2021-06-12,36℃,24℃,阴~多云,南风,2级
2021-06-13,34℃,23℃,阴~雷阵雨,南风,2级
2021-06-14,25℃,23℃,小雨~雷阵雨,东北风,2级
2021-06-15,30℃,21℃,阴,东南风,2级
2021-06-16,22℃,20℃,阴~小雨,东南风,2级
2021-06-17,32℃,19℃,晴,西北风,3级
2021-06-18,34℃,19℃,阴~晴,西北风,3级
2021-06-19,37℃,20℃,晴,西北风,3级
2021-06-20,36℃,21℃,晴,西北风,2级
2021-06-21,35℃,21℃,多云,东北风,2级
2021-06-22,32℃,21℃,晴~小雨,南风,2级
2021-06-23,25℃,22℃,阴~小雨,东南风,2级
2021-06-24,27℃,20℃,阴~小雨,南风,2级
2021-06-25,28℃,22℃,小雨~雷阵雨,东南风,2级
2021-06-26,28℃,23℃,多云,东北风,2级
2021-06-27,33℃,23℃,多云,东风,2级
2021-06-28,30℃,22℃,阴~雷阵雨,东南风,1级
2021-06-29,27℃,22℃,阴~雷阵雨,东南风,2级
2021-06-30,30℃,23℃,阴,东风,1级
2021-07-01,30℃,22℃,雷阵雨,西南风,2级
2021-07-02,30℃,19℃,阴~大雨,南风,2级
2021-07-03,28℃,21℃,雷阵雨,东风,2级
2021-07-04,33℃,21℃,多云,西南风,2级
2021-07-05,32℃,21℃,阴~中雨,东风,2级
2021-07-06,30℃,22℃,多云,西南风,2级
2021-07-07,32℃,23℃,多云,东南风,2级
2021-07-08,33℃,22℃,晴~多云,北风,2级
2021-07-09,32℃,23℃,多云~晴,东风,1级
2021-07-10,31℃,23℃,多云~雷阵雨,东南风,2级
2021-07-11,30℃,23℃,阴~大雨,东南风,2级
2021-07-12,25℃,21℃,暴雨~小雨,东风,3级
2021-07-13,31℃,24℃,阴~多云,北风,1级
2021-07-14,32℃,24℃,阴~雷阵雨,东南风,2级
2021-07-15,32℃,24℃,阴,东南风,2级
2021-07-16,30℃,24℃,阴~中雨,东南风,2级
2021-07-17,29℃,23℃,阴~雷阵雨,东北风,2级
2021-07-18,27℃,23℃,中雨~雷阵雨,东北风,1级
2021-07-19,30℃,23℃,阴~雷阵雨,东南风,2级
2021-07-20,31℃,23℃,阴~多云,东南风,2级
2021-07-21,28℃,23℃,阴~雷阵雨,东南风,1级
2021-07-22,28℃,23℃,小雨~雷阵雨,东南风,1级
2021-07-23,31℃,23℃,晴~多云,南风,2级
2021-07-24,32℃,24℃,多云,南风,2级
2021-07-25,33℃,25℃,阴~多云,南风,2级
2021-07-26,32℃,25℃,阴~雷阵雨,南风,2级
2021-07-27,27℃,24℃,阴~雷阵雨,东北风,2级
2021-07-28,28℃,24℃,阴~雷阵雨,东北风,1级
2021-07-29,26℃,22℃,中雨~大雨,东北风,2级
2021-07-30,30℃,22℃,阴~晴,西北风,2级
2021-07-31,34℃,23℃,多云~雷阵雨,东北风,2级
2021-08-01,32℃,23℃,晴,北风,3级
2021-08-02,33℃,23℃,晴~多云,东北风,2级
2021-08-03,31℃,24℃,阴~雷阵雨,南风,2级
2021-08-04,31℃,23℃,阴~多云,东南风,2级
2021-08-05,32℃,23℃,阴~多云,东南风,1级
2021-08-06,33℃,22℃,阴~晴,东南风,1级
2021-08-07,33℃,23℃,阴~多云,东南风,2级
2021-08-08,31℃,23℃,阴~雷阵雨,南风,2级
2021-08-09,30℃,22℃,多云~雷阵雨,东北风,2级
2021-08-10,33℃,23℃,多云~晴,东南风,1级
2021-08-11,30℃,23℃,多云~雷阵雨,东北风,2级
2021-08-12,29℃,22℃,阴~雷阵雨,东南风,2级
2021-08-13,29℃,22℃,阴~雷阵雨,东南风,2级
2021-08-14,28℃,22℃,阴~雷阵雨,东南风,2级
2021-08-15,28℃,22℃,阴~雷阵雨,东南风,2级
2021-08-16,28℃,22℃,阴~雷阵雨,东南风,1级
2021-08-17,30℃,21℃,多云,东风,2级
2021-08-18,28℃,23℃,阴~小雨,东南风,2级
2021-08-19,24℃,20℃,中雨~小雨,东南风,2级
2021-08-20,28℃,21℃,阴~晴,东北风,1级
2021-08-21,31℃,22℃,晴~多云,西南风,2级
2021-08-22,30℃,23℃,阴~雷阵雨,西南风,2级
2021-08-23,30℃,20℃,阴~中雨,西南风,2级
2021-08-24,27℃,19℃,多云,西北风,2级
2021-08-25,28℃,19℃,多云~晴,西北风,2级
2021-08-26,30℃,19℃,多云,西北风,2级
2021-08-27,30℃,18℃,晴,西北风,2级
2021-08-28,28℃,18℃,阴~多云,北风,2级
2021-08-29,28℃,20℃,阴~多云,西南风,2级
2021-08-30,28℃,20℃,多云~小雨,东南风,2级
2021-08-31,27℃,17℃,多云~晴,南风,2级
2021-09-01,29℃,18℃,晴,西南风,2级
2021-09-02,29℃,20℃,多云,西南风,2级
2021-09-03,30℃,22℃,多云~雷阵雨,东南风,1级
2021-09-04,24℃,19℃,多云,东南风,1级
2021-09-05,24℃,22℃,多云~中雨,东南风,1级
2021-09-06,23℃,14℃,多云~晴,北风,2级
2021-09-07,27℃,17℃,晴,西南风,2级
2021-09-08,28℃,19℃,多云~阴,东南风,1级
2021-09-09,27℃,18℃,多云~阴,东南风,1级
2021-09-10,29℃,19℃,多云,东北风,2级
2021-09-11,31℃,21℃,多云~中雨,东北风,1级
2021-09-12,23℃,20℃,多云~雷阵雨,东北风,2级
2021-09-13,29℃,20℃,多云~雷阵雨,东北风,2级
2021-09-14,25℃,17℃,多云,东南风,1级
2021-09-15,25℃,19℃,多云~小雨,南风,1级
2021-09-16,24℃,17℃,小雨~雾,东北风,1级
2021-09-17,27℃,17℃,多云~晴,东南风,1级
2021-09-18,24℃,19℃,多云~小雨,东南风,1级
2021-09-19,18℃,16℃,中雨,南风,2级
2021-09-20,21℃,15℃,中雨~多云,西北风,3级
2021-09-21,27℃,14℃,多云~晴,西北风,2级
2021-09-22,29℃,17℃,多云,西南风,1级
2021-09-23,27℃,17℃,多云~中雨,东南风,2级
2021-09-24,19℃,18℃,中雨,东北风,2级
2021-09-25,24℃,18℃,多云~小雨,东南风,2级
2021-09-26,20℃,18℃,小雨,东北风,1级
2021-09-27,28℃,17℃,雾,东北风,1级
2021-09-28,24℃,17℃,多云,南风,2级
2021-09-29,28℃,17℃,多云~小雨,东北风,2级
2021-09-30,22℃,16℃,多云,东北风,2级
2021-10-01,23℃,16℃,多云~小雨,东北风,2级
2021-10-02,21℃,17℃,多云~小雨,东风,1级
2021-10-03,21℃,15℃,小雨,北风,2级
2021-10-04,18℃,12℃,小雨,北风,2级
2021-10-05,15℃,12℃,多云~中雨,西北风,2级
2021-10-06,12℃,6℃,中雨~多云,东北风,1级
2021-10-07,19℃,7℃,多云~晴,南风,1级
2021-10-08,20℃,11℃,多云~小雨,东南风,1级
2021-10-09,14℃,12℃,小雨~晴,南风,1级
2021-10-10,18℃,6℃,多云~晴,西北风,3级
2021-10-11,19℃,5℃,晴,北风,2级
2021-10-12,20℃,9℃,晴,东风,1级
2021-10-13,20℃,11℃,多云~小雨,东南风,1级
2021-10-14,19℃,11℃,多云,西北风,2级
2021-10-15,20℃,5℃,多云~晴,北风,3级
2021-10-16,12℃,1℃,晴,西北风,3级
2021-10-17,15℃,2℃,晴,西南风,2级
2021-10-18,17℃,4℃,多云~晴,东北风,2级
2021-10-19,14℃,1℃,晴,东北风,2级
2021-10-20,14℃,3℃,多云~晴,西南风,1级
2021-10-21,19℃,5℃,晴,西北风,2级
2021-10-22,18℃,2℃,晴,西北风,2级
2021-10-23,18℃,3℃,晴,西南风,1级
2021-10-24,17℃,4℃,多云,西南风,1级
2021-10-25,18℃,7℃,多云,南风,1级
2021-10-26,22℃,5℃,多云~晴,北风,2级
2021-10-27,21℃,6℃,晴~多云,西北风,1级
2021-10-28,19℃,7℃,多云~小雨,东北风,1级
2021-10-29,19℃,6℃,多云~雾,东风,1级
2021-10-30,20℃,8℃,多云,西北风,2级
2021-10-31,18℃,5℃,多云~阴,西北风,2级
2021-11-01,13℃,6℃,多云~阴,南风,1级
2021-11-02,12℃,4℃,小雨~雾,西南风,1级
2021-11-03,12℃,5℃,多云~雾,东南风,1级
2021-11-04,14℃,7℃,多云,东北风,1级
2021-11-05,12℃,10℃,多云~小雨,东北风,1级
2021-11-06,12℃,-1℃,小雨~大雪,北风,3级
2021-11-07,1℃,-4℃,中雪~多云,西北风,3级
2021-11-08,7℃,-2℃,晴,西北风,4级
2021-11-09,11℃,1℃,晴,西北风,4级
2021-11-10,14℃,2℃,晴,西北风,4级
2021-11-11,13℃,0℃,晴,西北风,3级
2021-11-12,15℃,0℃,晴,西北风,2级
2021-11-13,18℃,1℃,晴,西北风,2级
2021-11-14,16℃,2℃,晴,西北风,2级
2021-11-15,11℃,0℃,晴,东北风,1级
2021-11-16,11℃,2℃,多云~雾,西南风,1级
2021-11-17,13℃,1℃,多云~晴,西风,1级
2021-11-18,9℃,2℃,多云,北风,1级
2021-11-19,10℃,3℃,多云~阴,东风,2级
2021-11-20,8℃,0℃,多云,东北风,1级
2021-11-21,7℃,-1℃,多云~晴,西北风,3级
2021-11-22,4℃,-5℃,晴,西北风,4级
2021-11-23,8℃,-4℃,晴,西南风,1级
2021-11-24,12℃,-2℃,多云~晴,西北风,1级
2021-11-25,13℃,-2℃,多云~晴,西北风,1级
2021-11-26,13℃,-3℃,多云~晴,北风,2级
2021-11-27,10℃,0℃,多云~阴,东北风,1级
2021-11-28,9℃,2℃,多云~阴,北风,1级
2021-11-29,7℃,-1℃,小雨~多云,北风,2级
2021-11-30,5℃,-5℃,多云~晴,西北风,4级
2021-12-01,9℃,-5℃,多云~晴,西风,2级
2021-12-02,13℃,0℃,多云~晴,西北风,3级
2021-12-03,13℃,-1℃,多云~晴,西北风,2级
2021-12-04,13℃,-3℃,多云~晴,北风,1级
2021-12-05,11℃,0℃,多云,西北风,1级
2021-12-06,12℃,-3℃,多云~晴,西北风,3级
2021-12-07,10℃,-3℃,多云,西北风,1级
2021-12-08,7℃,1℃,多云~小雨,东南风,1级
2021-12-09,4℃,-1℃,雾,东南风,1级
2021-12-10,9℃,-1℃,多云,北风,1级
2021-12-11,11℃,-3℃,多云~晴,西北风,3级
2021-12-12,3℃,-6℃,晴,西北风,3级
2021-12-13,4℃,-6℃,晴,西南风,1级
2021-12-14,6℃,-5℃,多云~晴,西北风,1级
2021-12-15,3℃,-4℃,多云~晴,东北风,1级
2021-12-16,4℃,-7℃,晴,西北风,3级
2021-12-17,0℃,-7℃,晴,西北风,3级
2021-12-18,5℃,-7℃,晴,西北风,2级
2021-12-19,9℃,-5℃,晴,西南风,1级
2021-12-20,13℃,-3℃,多云~晴,西北风,1级
2021-12-21,8℃,-2℃,多云~阴,东北风,2级
2021-12-22,5℃,-2℃,多云,东南风,1级
2021-12-23,-1℃,-5℃,多云~小雪,东风,2级
2021-12-24,-4℃,-10℃,晴,东北风,3级
2021-12-25,-4℃,-11℃,晴,西北风,3级
2021-12-26,-1℃,-8℃,晴,西北风,2级
2021-12-27,6℃,-8℃,晴,西北风,1级
2021-12-28,6℃,-5℃,多云~晴,西北风,1级
2021-12-29,5℃,-5℃,晴,西北风,3级
2021-12-30,6℃,-7℃,晴,西北风,3级
2021-12-31,5℃,-7℃,晴,东北风,1级
2022-01-01,6℃,-7℃,晴,西北风,3级
2022-01-02,2℃,-7℃,多云,南风,2级
2022-01-03,6℃,-7℃,晴,北风,1级
2022-01-04,3℃,-6℃,多云~晴,东北风,1级
2022-01-05,2℃,-6℃,多云~晴,北风,1级
2022-01-06,6℃,-7℃,多云~晴,北风,1级
2022-01-07,4℃,-6℃,多云~晴,西北风,1级
2022-01-08,9℃,-5℃,多云,北风,2级
2022-01-09,1℃,-5℃,多云,东北风,1级
2022-01-10,2℃,-8℃,晴,北风,3级
2022-01-11,0℃,-8℃,晴~多云,东北风,1级
2022-01-12,2℃,-7℃,多云~晴,西北风,2级
2022-01-13,3℃,-7℃,晴,西北风,2级
2022-01-14,2℃,-6℃,多云~晴,东北风,1级
2022-01-15,3℃,-8℃,多云~晴,西北风,3级
2022-01-16,0℃,-7℃,多云~晴,北风,1级
2022-01-17,6℃,-8℃,晴~多云,西北风,1级
2022-01-18,2℃,-7℃,多云,东北风,1级
2022-01-19,-1℃,-7℃,多云~阴,东南风,2级
2022-01-20,-2℃,-5℃,阴,南风,2级
2022-01-21,-1℃,-4℃,多云~小雪,南风,1级
2022-01-22,-1℃,-4℃,阴,东北风,1级
2022-01-23,0℃,-5℃,多云~阴,北风,1级
2022-01-24,0℃,-6℃,多云~阴,西南风,1级
2022-01-25,6℃,-5℃,多云~晴,西北风,2级
2022-01-26,2℃,-5℃,多云,北风,2级
2022-01-27,3℃,-5℃,晴,北风,2级
2022-01-28,3℃,-5℃,晴,西北风,1级
2022-01-29,4℃,-5℃,晴,北风,1级
2022-01-30,3℃,-3℃,多云~小雪,北风,1级
2022-01-31,0℃,-6℃,晴,西北风,3级
2022-02-01,2℃,-7℃,晴,西北风,2级
2022-02-02,4℃,-7℃,晴,西北风,1级
2022-02-03,3℃,-6℃,多云~晴,北风,2级
2022-02-04,0℃,-6℃,晴,西北风,3级
2022-02-05,3℃,-5℃,晴,西北风,2级
2022-02-06,6℃,-5℃,多云~晴,西北风,2级
2022-02-07,6℃,-5℃,多云~晴,北风,2级
2022-02-08,8℃,-5℃,晴~多云,西北风,1级
2022-02-09,7℃,-5℃,多云~晴,北风,1级
2022-02-10,10℃,-3℃,阴~多云,西南风,1级
2022-02-11,8℃,-3℃,多云~阴,东北风,2级
2022-02-12,1℃,-2℃,多云~小雪,东北风,2级
2022-02-13,-3℃,-6℃,中雪~小雪,东南风,2级
2022-02-14,-1℃,-10℃,多云,西北风,3级
2022-02-15,-2℃,-10℃,多云~晴,东北风,1级
2022-02-16,0℃,-9℃,晴~多云,东北风,2级
2022-02-17,0℃,-7℃,多云~阴,东南风,2级
2022-02-18,4℃,-6℃,多云~晴,西北风,2级
2022-02-19,1℃,-9℃,晴,西北风,3级
2022-02-20,4℃,-7℃,晴,西北风,2级
2022-02-21,4℃,-8℃,多云,西北风,3级
2022-02-22,4℃,-7℃,晴,西北风,2级
2022-02-23,7℃,-6℃,晴,西北风,1级
2022-02-24,11℃,-5℃,晴,西北风,1级
2022-02-25,14℃,0℃,多云~晴,西北风,1级
2022-02-26,12℃,-2℃,晴,西北风,3级
2022-02-27,16℃,-2℃,晴~多云,北风,1级
2022-02-28,12℃,-1℃,阴~晴,西北风,2级
2022-03-01,11℃,-1℃,晴,西北风,3级
2022-03-02,16℃,0℃,晴,西北风,2级
2022-03-03,11℃,0℃,多云~晴,东北风,1级
2022-03-04,11℃,-1℃,扬沙~晴,西北风,3级
2022-03-05,10℃,-2℃,晴,西北风,3级
2022-03-06,11℃,-1℃,多云,东南风,2级
2022-03-07,18℃,2℃,晴,北风,2级
2022-03-08,16℃,2℃,晴,东北风,1级
2022-03-09,17℃,4℃,多云,东北风,1级
2022-03-10,19℃,7℃,晴,东北风,1级
2022-03-11,12℃,5℃,多云~小雨,东南风,2级
2022-03-12,13℃,5℃,多云,东风,1级
2022-03-13,11℃,4℃,多云~小雨,东南风,2级
2022-03-14,20℃,5℃,多云~晴,西北风,2级
2022-03-15,15℃,6℃,多云,东南风,2级
2022-03-16,12℃,2℃,多云~阴,东南风,2级
2022-03-17,3℃,-2℃,小雪~阴,东南风,2级
2022-03-18,2℃,-2℃,大雪~小雪,东南风,2级
2022-03-19,6℃,-1℃,雨夹雪~多云,西北风,1级
2022-03-20,10℃,1℃,多云,西风,1级
2022-03-21,12℃,1℃,多云,北风,2级
2022-03-22,9℃,1℃,多云,西南风,2级
2022-03-23,12℃,3℃,多云,东北风,1级
2022-03-24,9℃,7℃,多云~小雨,东南风,2级
2022-03-25,14℃,6℃,多云,北风,2级
2022-03-26,20℃,3℃,多云,西北风,3级
2022-03-27,16℃,6℃,晴,西北风,3级
2022-03-28,18℃,9℃,多云,西南风,3级
2022-03-29,12℃,6℃,小雨,东南风,2级
2022-03-30,10℃,3℃,多云,东南风,2级
2022-03-31,15℃,2℃,多云~晴,北风,2级
2022-04-01,15℃,3℃,多云,南风,2级
2022-04-02,19℃,4℃,晴,西北风,2级
2022-04-03,19℃,7℃,多云~晴,西南风,2级
2022-04-04,22℃,9℃,多云~晴,西南风,2级
2022-04-05,24℃,6℃,多云,东北风,2级
2022-04-06,13℃,3℃,多云~晴,东南风,3级
2022-04-07,22℃,9℃,晴,南风,1级
2022-04-08,24℃,12℃,多云~晴,东南风,1级
2022-04-09,24℃,11℃,多云,东风,2级
2022-04-10,26℃,14℃,多云,东北风,1级
2022-04-11,27℃,14℃,多云,西北风,3级
2022-04-12,21℃,8℃,多云,东南风,3级
2022-04-13,19℃,6℃,多云,南风,3级
2022-04-14,20℃,8℃,多云~晴,西北风,3级
2022-04-15,21℃,8℃,晴,西北风,2级
2022-04-16,23℃,10℃,晴~多云,西南风,2级
2022-04-17,19℃,12℃,多云~阴,西南风,2级
2022-04-18,23℃,9℃,多云~晴,东风,2级
2022-04-19,27℃,13℃,多云~晴,西南风,2级
2022-04-20,28℃,17℃,多云~晴,西南风,3级
2022-04-21,25℃,10℃,多云~晴,西北风,3级
2022-04-22,22℃,12℃,晴,西南风,3级
2022-04-23,26℃,15℃,多云~晴,西南风,3级
2022-04-24,26℃,13℃,多云,东南风,2级
2022-04-25,26℃,16℃,多云,东南风,2级
2022-04-26,23℃,12℃,多云,西北风,4级
2022-04-27,10℃,8℃,小雨,东北风,2级
2022-04-28,15℃,7℃,多云,南风,2级
2022-04-29,18℃,12℃,多云,西南风,2级
2022-04-30,22℃,8℃,晴,西北风,3级
2022-05-01,25℃,10℃,多云,西北风,3级
2022-05-02,26℃,12℃,晴,东南风,2级
2022-05-03,31℃,16℃,晴,南风,2级
2022-05-04,32℃,20℃,多云,西南风,3级
2022-05-05,30℃,15℃,多云~小雨,西南风,3级
2022-05-06,15℃,10℃,小雨~晴,东北风,3级
2022-05-07,18℃,11℃,阴~小雨,南风,3级
2022-05-08,13℃,8℃,小雨~多云,南风,2级
2022-05-09,19℃,8℃,阴~多云,东南风,2级
2022-05-10,14℃,10℃,多云,南风,2级
2022-05-11,20℃,12℃,多云~小雨,西北风,2级
2022-05-12,18℃,10℃,多云,西南风,2级
2022-05-13,24℃,9℃,多云~晴,西北风,3级
2022-05-14,24℃,9℃,晴,北风,2级
2022-05-15,27℃,11℃,晴,西北风,2级
2022-05-16,28℃,12℃,晴,西北风,2级
2022-05-17,28℃,15℃,多云~晴,东南风,2级
2022-05-18,30℃,17℃,晴~多云,东南风,2级
2022-05-19,30℃,17℃,多云,西南风,2级
2022-05-20,32℃,18℃,多云~晴,西南风,2级
2022-05-21,34℃,19℃,多云~晴,西南风,2级
2022-05-22,34℃,20℃,晴,东南风,2级
2022-05-23,32℃,19℃,多云,西南风,2级
2022-05-24,31℃,20℃,多云~晴,西南风,3级
2022-05-25,30℃,14℃,晴,北风,3级
2022-05-26,33℃,17℃,晴,西北风,2级
2022-05-27,34℃,21℃,晴,西南风,2级
2022-05-28,35℃,24℃,多云,西南风,3级
2022-05-29,28℃,14℃,多云~晴,西北风,3级
2022-05-30,31℃,15℃,晴,西北风,2级
2022-05-31,31℃,17℃,晴,东北风,2级
2022-06-01,33℃,19℃,晴,西南风,2级
2022-06-02,35℃,20℃,晴~多云,南风,2级
2022-06-03,35℃,22℃,多云~小雨,南风,2级
2022-06-04,32℃,19℃,多云~晴,东风,2级
2022-06-05,34℃,20℃,多云,西北风,3级
2022-06-06,28℃,16℃,晴,东北风,3级
2022-06-07,26℃,17℃,多云~小雨,南风,2级
2022-06-08,24℃,15℃,多云,东南风,2级
2022-06-09,24℃,18℃,多云,东南风,2级
2022-06-10,28℃,19℃,多云~小雨,东南风,2级
2022-06-11,22℃,19℃,阴~中雨,东南风,2级
2022-06-12,26℃,18℃,多云~小雨,东南风,2级
2022-06-13,24℃,18℃,小雨,东风,2级
2022-06-14,26℃,18℃,多云,东风,2级
2022-06-15,27℃,18℃,多云,东南风,2级
2022-06-16,30℃,20℃,多云,东南风,2级
2022-06-17,30℃,21℃,多云~小雨,东南风,2级
2022-06-18,32℃,22℃,多云,东南风,2级
2022-06-19,32℃,22℃,多云~晴,东南风,2级
2022-06-20,34℃,24℃,多云,东南风,2级
2022-06-21,33℃,24℃,多云~小雨,东风,2级
2022-06-22,25℃,22℃,小雨~多云,东北风,2级
2022-06-23,36℃,23℃,阴~晴,西北风,2级
2022-06-24,37℃,23℃,晴~多云,西北风,2级
2022-06-25,35℃,25℃,多云,西南风,1级
2022-06-26,32℃,22℃,多云~大雨,东北风,3级
2022-06-27,31℃,22℃,多云~小雨,东北风,2级
2022-06-28,27℃,22℃,多云~小雨,东北风,2级
2022-06-29,27℃,21℃,小雨,西北风,2级
2022-06-30,30℃,22℃,多云,东风,2级
2022-07-01,30℃,22℃,多云,东北风,1级
2022-07-02,31℃,23℃,多云~小雨,南风,2级
2022-07-03,25℃,22℃,大雨,东南风,1级
2022-07-04,29℃,23℃,多云~小雨,东南风,1级
2022-07-05,32℃,23℃,小雨~中雨,东南风,2级
2022-07-06,30℃,22℃,多云~晴,东北风,2级
2022-07-07,36℃,24℃,晴~多云,西南风,2级
2022-07-08,34℃,24℃,多云,东风,2级
2022-07-09,35℃,22℃,多云~小雨,西北风,2级
2022-07-10,27℃,20℃,小雨~晴,南风,2级
2022-07-11,27℃,23℃,多云~雷阵雨,东南风,1级
2022-07-12,25℃,22℃,中雨~晴,北风,2级
2022-07-13,33℃,23℃,晴,西南风,2级
2022-07-14,35℃,21℃,晴,东北风,2级
2022-07-15,36℃,24℃,多云,西南风,2级
2022-07-16,33℃,23℃,多云,东南风,2级
2022-07-17,36℃,23℃,多云~晴,西北风,2级
2022-07-18,35℃,22℃,晴,北风,2级
2022-07-19,32℃,24℃,多云,南风,2级
2022-07-20,32℃,22℃,多云~晴,南风,2级
2022-07-21,33℃,24℃,多云,东南风,2级
2022-07-22,31℃,23℃,多云~小雨,南风,2级
2022-07-23,33℃,23℃,多云~晴,西南风,2级
2022-07-24,33℃,25℃,多云~小雨,西南风,2级
2022-07-25,32℃,24℃,多云~小雨,南风,2级
2022-07-26,33℃,23℃,阴~小雨,东南风,2级
2022-07-27,26℃,21℃,暴雨~大雨,东北风,2级
2022-07-28,29℃,21℃,多云~晴,东北风,2级
2022-07-29,31℃,23℃,多云,东南风,2级
2022-07-30,31℃,24℃,多云~小雨,东南风,2级
2022-07-31,33℃,25℃,多云,东南风,2级
2022-08-01,34℃,25℃,多云,南风,2级
2022-08-02,34℃,26℃,多云,南风,2级
2022-08-03,35℃,26℃,多云,西南风,2级
2022-08-04,35℃,26℃,多云~小雨,西南风,2级
2022-08-05,36℃,27℃,晴~多云,东南风,2级
2022-08-06,33℃,25℃,雾~中雨,东北风,2级
2022-08-07,32℃,25℃,雾~小雨,东南风,1级
2022-08-08,27℃,22℃,多云~小雨,东南风,1级
2022-08-09,24℃,20℃,小雨~晴,西南风,2级
2022-08-10,30℃,20℃,晴,西南风,2级
2022-08-11,31℃,24℃,雾~多云,南风,2级
2022-08-12,31℃,25℃,多云,东南风,1级
2022-08-13,32℃,24℃,多云~小雨,东南风,2级
2022-08-14,24℃,23℃,中雨~雾,东南风,1级
2022-08-15,35℃,21℃,雾~晴,西北风,2级
2022-08-16,31℃,22℃,多云,东风,2级
2022-08-17,30℃,24℃,多云~小雨,南风,2级
2022-08-18,25℃,24℃,中雨~多云,南风,2级
2022-08-19,31℃,21℃,多云,西北风,2级
2022-08-20,30℃,23℃,多云,南风,2级
2022-08-21,31℃,24℃,多云~中雨,南风,2级
2022-08-22,33℃,19℃,雾~晴,北风,3级
2022-08-23,28℃,21℃,多云~小雨,北风,2级
2022-08-24,27℃,19℃,多云,西南风,2级
2022-08-25,32℃,19℃,晴~多云,西北风,2级
2022-08-26,27℃,14℃,多云~晴,西北风,2级
2022-08-27,27℃,18℃,多云,西北风,2级
2022-08-28,23℃,16℃,多云~小雨,南风,1级
2022-08-29,22℃,18℃,多云,西南风,2级
2022-08-30,27℃,18℃,多云,南风,1级
2022-08-31,32℃,18℃,晴,西北风,2级
2022-09-01,28℃,15℃,晴,东南风,2级
2022-09-02,28℃,18℃,晴~多云,南风,2级
2022-09-03,27℃,19℃,多云~小雨,南风,2级
2022-09-04,28℃,18℃,阴~多云,西南风,2级
2022-09-05,28℃,14℃,晴,西北风,3级
2022-09-06,29℃,15℃,晴,西北风,3级
2022-09-07,32℃,17℃,晴,西北风,2级
2022-09-08,32℃,19℃,晴,西南风,2级
2022-09-09,31℃,20℃,多云,东南风,1级
2022-09-10,31℃,19℃,多云,东风,2级
2022-09-11,28℃,20℃,多云~晴,东南风,2级
2022-09-12,30℃,20℃,多云~晴,东南风,1级
2022-09-13,30℃,20℃,多云,东风,2级
2022-09-14,30℃,20℃,多云,东风,2级
2022-09-15,30℃,19℃,多云~晴,东风,1级
2022-09-16,30℃,20℃,多云~晴,西南风,2级
2022-09-17,30℃,20℃,多云~晴,南风,1级
2022-09-18,29℃,17℃,晴,东北风,2级
2022-09-19,26℃,13℃,多云,东北风,2级
2022-09-20,26℃,14℃,晴,西北风,2级
2022-09-21,26℃,16℃,多云~小雨,南风,2级
2022-09-22,27℃,13℃,多云~晴,西北风,3级
2022-09-23,25℃,10℃,晴,西北风,3级
2022-09-24,26℃,11℃,多云~晴,西南风,2级
2022-09-25,26℃,13℃,多云~晴,南风,1级
2022-09-26,28℃,15℃,多云~晴,南风,2级
2022-09-27,29℃,16℃,多云,西南风,2级
2022-09-28,28℃,16℃,多云~雾,西南风,1级
2022-09-29,29℃,18℃,多云~晴,南风,2级
2022-09-30,29℃,19℃,多云,西南风,2级
2022-10-01,24℃,19℃,多云~小雨,东南风,2级
2022-10-02,19℃,17℃,小雨,东风,2级
2022-10-03,20℃,8℃,小雨~多云,东北风,3级
2022-10-04,16℃,4℃,晴,北风,3级
2022-10-05,15℃,6℃,多云,东北风,2级
2022-10-06,18℃,4℃,多云~晴,西南风,2级
2022-10-07,19℃,9℃,多云~小雨,西南风,2级
2022-10-08,12℃,9℃,多云,西南风,2级
2022-10-09,15℃,6℃,晴,西北风,4级
2022-10-10,18℃,3℃,晴,西北风,3级
2022-10-11,20℃,5℃,晴,西南风,1级
2022-10-12,20℃,8℃,多云,西南风,2级
2022-10-13,19℃,12℃,多云~阴,南风,1级
2022-10-14,22℃,10℃,多云~晴,西南风,1级
2022-10-15,24℃,11℃,多云,北风,2级
2022-10-16,19℃,5℃,晴,北风,3级
2022-10-17,17℃,2℃,晴,西北风,3级
2022-10-18,19℃,2℃,晴,西南风,1级
2022-10-19,21℃,7℃,晴,西南风,2级
2022-10-20,18℃,7℃,多云,西南风,2级
2022-10-21,22℃,10℃,多云~晴,西南风,1级
2022-10-22,21℃,5℃,晴,西北风,3级
2022-10-23,22℃,4℃,晴,西北风,2级
2022-10-24,19℃,6℃,晴,东南风,1级
2022-10-25,19℃,10℃,多云~阴,东南风,1级
2022-10-26,18℃,10℃,多云~阴,东北风,2级
2022-10-27,12℃,9℃,多云~阴,东南风,2级
2022-10-28,13℃,9℃,多云~阴,南风,1级
2022-10-29,14℃,8℃,多云~小雨,南风,2级
2022-10-30,15℃,8℃,多云,南风,1级
2022-10-31,17℃,2℃,晴,西北风,3级
2022-11-01,15℃,4℃,晴~多云,东南风,2级
2022-11-02,16℃,3℃,多云~小雨,东北风,2级
2022-11-03,13℃,0℃,多云~晴,东南风,2级
2022-11-04,14℃,-1℃,晴,西北风,2级
2022-11-05,16℃,4℃,晴~多云,西南风,1级
2022-11-06,12℃,4℃,多云,东北风,1级
2022-11-07,16℃,1℃,晴,西北风,2级
2022-11-08,16℃,3℃,多云,西南风,1级
2022-11-09,13℃,5℃,多云~小雨,东北风,1级
2022-11-10,16℃,8℃,多云~雾,东北风,1级
2022-11-11,13℃,10℃,中雨~小雨,东南风,1级
2022-11-12,11℃,0℃,多云~晴,西北风,3级
2022-11-13,9℃,-1℃,晴,西北风,2级
2022-11-14,12℃,0℃,晴,西南风,1级
2022-11-15,17℃,0℃,雾~晴,西北风,2级
2022-11-16,15℃,0℃,多云~晴,东北风,1级
2022-11-17,15℃,4℃,多云,东北风,1级
2022-11-18,11℃,4℃,多云~小雨,东北风,2级
2022-11-19,14℃,5℃,多云,东南风,1级
2022-11-20,9℃,4℃,多云~雾,东北风,2级
2022-11-21,13℃,2℃,多云,东北风,2级
2022-11-22,11℃,0℃,多云~雾,南风,1级
2022-11-23,13℃,2℃,多云~雾,东北风,1级
2022-11-24,8℃,4℃,多云~雾,东北风,1级
2022-11-25,13℃,-2℃,雾~多云,西北风,3级
2022-11-26,4℃,-2℃,多云,北风,3级
2022-11-27,7℃,1℃,多云,东北风,2级
2022-11-28,13℃,-5℃,多云,西北风,3级
2022-11-29,-5℃,-9℃,多云~晴,西北风,4级
2022-11-30,-1℃,-9℃,晴,西北风,3级
2022-12-01,0℃,-8℃,晴~多云,西北风,3级
2022-12-02,0℃,-6℃,多云~晴,西南风,1级
2022-12-03,2℃,-9℃,多云~晴,西北风,3级
2022-12-04,2℃,-8℃,晴,西南风,1级
2022-12-05,5℃,-8℃,多云~晴,西北风,1级
2022-12-06,6℃,-6℃,晴,西北风,2级
2022-12-07,8℃,-5℃,多云~晴,西北风,1级
2022-12-08,9℃,-5℃,多云~晴,西北风,1级
2022-12-09,7℃,-3℃,多云~阴,北风,1级
2022-12-10,3℃,-5℃,晴,西北风,3级
2022-12-11,4℃,-4℃,多云,西北风,1级
2022-12-12,3℃,-6℃,多云~晴,西北风,3级
2022-12-13,-3℃,-10℃,多云~晴,西北风,4级
2022-12-14,0℃,-7℃,多云,西南风,2级
2022-12-15,-1℃,-9℃,多云~晴,北风,3级
2022-12-16,-1℃,-12℃,多云~晴,西北风,3级
2022-12-17,-2℃,-11℃,多云,西北风,3级
2022-12-18,0℃,-10℃,多云~晴,南风,1级
2022-12-19,2℃,-9℃,晴~多云,东南风,1级
2022-12-20,2℃,-7℃,多云,南风,1级
2022-12-21,0℃,-7℃,多云,东北风,1级
2022-12-22,-1℃,-8℃,多云~晴,西北风,3级
2022-12-23,0℃,-7℃,晴,北风,2级
2022-12-24,4℃,-7℃,晴~多云,北风,2级
2022-12-25,1℃,-7℃,多云,北风,1级
2022-12-26,3℃,-7℃,晴,西北风,1级
2022-12-27,1℃,-8℃,晴,西北风,4级
2022-12-28,3℃,-8℃,晴,西北风,1级
2022-12-29,3℃,-9℃,晴,西北风,2级
2022-12-30,4℃,-8℃,晴,西风,1级
2022-12-31,7℃,-7℃,晴,西北风,2级
